x	y	showSelected1
3.44279322593977	2.32192809488736	1
3.10277661488344	1.58496250072116	2
3.16790781000148	2	3
3.99202302776385	3.58496250072116	4
2.58433122436753	0	5
3.4295908022233	2	6
2.73078227566639	1.58496250072116	7
1.41497334797082	0	8
2.34439227368511	1	9
2.17318626841227	0	10
2.46389298898591	1	11
3.21853550521653	1.58496250072116	12
2.7160033436348	0	13
3.13225968953104	1	14
1.568201724067	0	15
2.78604121024255	1.58496250072116	16
1.96848294855394	1	17
3.02407498730743	2	18
2.96142109406645	2	19
3.3392526340327	2	20
1.30102999566398	0	21
3.20817252666712	1.58496250072116	22
3.54431614174743	2	23
2.98452731334379	1	24
2.75966784468963	1	25
2.09342168516224	0	26
2.2380461031288	0	27
2.31175386105575	0	28
3.16702179579026	2	29
2.73639650227664	0	30
2.41161970596323	0	31
1.85125834871908	1.58496250072116	32
3.27346427262135	2	33
2.66558099101795	1	34
1.76342799356294	1	35
2.52762990087134	0	36
2.68124123737559	1	37
2.51719589794997	1.58496250072116	38
2.56466606425209	1	39
3.36735592102602	2.32192809488736	40
2.54654266347813	2	41
3.55774774164147	2.58496250072116	42
2.17318626841227	1	43
3.31618009889345	1	44
3.01029995663981	1.58496250072116	45
3.10002573010786	1.58496250072116	46
2.75966784468963	1.58496250072116	47
2.74507479158206	1	48
2.26481782300954	1.58496250072116	49
2.34830486304816	1	50
3.58399179919832	2.58496250072116	51
1.50514997831991	1	52
3.20330491613848	1	53
1.54406804435028	0	54
3.22193559982801	2	55
2.65321251377534	1	56
2.62531245096167	1	57
1.23044892137827	0	58
2.70243053644553	0	59
2.13033376849501	0	60
2.28780172993023	0	61
2.2405492482826	1	62
1.34242268082221	0	63
1.89209460269048	0	64
2.74663419893758	1.58496250072116	65
2.11394335230684	1	66
2.29885307640971	0	67
2.17897694729317	1	68
2.29225607135648	0	69
3.70586371228392	2.8073549220576	70
2.60530504614111	1	71
3.14736710779379	2	72
2.44247976906445	1.58496250072116	73
1.43136376415899	0	74
2.86746748785905	1	75
3.10002573010786	1.58496250072116	76
2.84385542262316	0	77
1.54406804435028	0	78
2.1846914308176	1.58496250072116	79
2.12710479836481	1	80
2.04532297878666	1	81
2.73798732633343	0	82
2.01283722470517	1	83
2.17026171539496	0	84
1.88081359228079	1	85
3.21958452621425	2	86
2.49276038902684	0	87
3.05076631123304	2	88
3.27623195792183	1.58496250072116	89
1.54406804435028	0	90
1.90308998699194	0	91
1.61278385671974	0	92
2.49692964807322	0	93
2.46982201597816	1	94
2.51454775266029	1	95
1.88649072517248	1	96
1.07918124604762	0	97
2.67117284271508	1.58496250072116	98
2.41830129131975	1	99
1.47712125471966	0	100
1.568201724067	0	101
2.20411998265593	0	102
1.30102999566398	0	103
0.954242509439325	0	104
1.5910646070265	1	105
2.71264970162721	1.58496250072116	106
2.75966784468963	1	107
2.65801139665711	0	108
3.56288738129388	2.58496250072116	109
2.42975228000241	1.58496250072116	110
2.03742649794062	0	111
2.45331834004704	0	112
1.53147891704226	0	113
1.41497334797082	0	114
2.34242268082221	1	115
2.38381536598043	1	116
2.83884909073726	1	117
3.42504487455139	2	118
2.66181268553726	2	119
2.11394335230684	0	120
2.91328390176042	2	121
1.25527250510331	0	122
2.6222140229663	1.58496250072116	123
2.10720996964787	1	124
2.77670118398841	0	125
2.64246452024212	2	126
1.77085201164214	0	127
2.32014628611105	1	128
2.76937732607614	2	129
1.81954393554187	0	130
2.36172783601759	1	131
2.63447727016073	0	132
0.954242509439325	0	133
1.57978359661681	0	134
2.08278537031645	0	135
1.67209785793572	1	136
1.75587485567249	0	137
2.52762990087134	0	138
3.20493352235415	1	139
1.83250891270624	0	140
1.74036268949424	0	141
3.22530928172586	1	142
1.79239168949825	0	143
1.17609125905568	0	144
2.66181268553726	1.58496250072116	145
1.38021124171161	0	146
2.06445798922692	0	147
2.06069784035361	0	148
2.31597034545692	1	149
2.26717172840301	1	150
2.6954816764902	0	151
1.65321251377534	0	152
1.63346845557959	0	153
1.55630250076729	0	154
2.01703333929878	1	155
1.34242268082221	1	156
1.6232492903979	0	157
1.32221929473392	0	158
2.67669360962487	2	159
1.30102999566398	0	160
1.14612803567824	0	161
1.79239168949825	0	162
1.73239375982297	1	163
2.10720996964787	0	164
2.74429298312268	0	165
1.04139268515822	0	166
2.51321760006794	2	167
0.602059991327962	0	168
2.0899051114394	1	169
2.90254677931399	1	170
1.25527250510331	0	171
2.73719264270474	1.58496250072116	172
1.5910646070265	1	173
1.66275783168157	1	174
1.11394335230684	0	175
1.23044892137827	1	176
3.19395897801919	2	177
2.64836001098093	1	178
1.79239168949825	0	179
1.69897000433602	0	180
2.67851837904011	1	181
1.97772360528885	1	182
1.85125834871908	0	183
1.74036268949424	0	184
1.73239375982297	1	185
2.87966920563205	1	186
1.50514997831991	1	187
2.99299509843134	1.58496250072116	188
2.49136169383427	1	189
0.903089986991944	0	190
1.34242268082221	0	191
2.68033551341456	2	192
1.04139268515822	0	193
1.32221929473392	0	194
1.69019608002851	1	195
2.12057393120585	0	196
0.778151250383644	0	197
1.78532983501077	0	198
2.09342168516224	0	199
1.44715803134222	0	200
1.75587485567249	0	201
2.41830129131975	1	202
2.13033376849501	0	203
2.88817949391833	1	204
1.46239799789896	1	205
1.36172783601759	0	206
1.61278385671974	0	207
0.602059991327962	0	208
0.301029995663981	0	209
1.38021124171161	0	210
1.85733249643127	0	211
2.53655844257153	1.58496250072116	212
1.85125834871908	0	213
1	0	214
2.66275783168157	1	215
2.4345689040342	0	216
1.77085201164214	1	217
3.01283722470517	1.58496250072116	218
2.62736585659273	1	219
2.43775056282039	0	220
2.67024585307412	2	221
2.60959440922522	1	222
1.66275783168157	0	223
1.70757017609794	1	224
1.86332286012046	1	225
3.13225968953104	1.58496250072116	226
2.69897000433602	1	227
1.65321251377534	0	228
0.778151250383644	0	229
1.36172783601759	0	230
2.32633586092875	0	231
1.07918124604762	0	232
1.51851393987789	1	233
0.778151250383644	0	234
1.80617997398389	0	235
1.83884909073726	0	236
0.778151250383644	0	237
1.88081359228079	0	238
0.954242509439325	0	239
1.27875360095283	0	240
2.80345711564841	1	241
1.95904139232109	1	242
1.82607480270083	0	243
0.778151250383644	0	244
0.602059991327962	0	245
2.01703333929878	0	246
1.49136169383427	0	247
1.25527250510331	1	248
1.66275783168157	0	249
1.6232492903979	0	250
2.04139268515823	1	251
0.778151250383644	1	252
2.9903388547876	2	253
0.845098040014257	0	254
0.845098040014257	0	255
2.77670118398841	1	256
1.88649072517248	0	257
2.07188200730613	1	258
1.36172783601759	0	259
1.84509804001426	1	260
2.99782308074573	1.58496250072116	261
1.27875360095283	0	262
1.67209785793572	0	263
1.41497334797082	0	264
2.03342375548695	0	265
1.77815125038364	0	266
1.65321251377534	0	267
1.17609125905568	0	268
1.23044892137827	0	269
2.85247999363686	1	270
1.568201724067	0	271
2.66275783168157	1	272
2.63042787502502	0	273
2.20951501454263	0	274
2.8208579894397	1	275
3.17055505852121	2	276
1.53147891704226	0	277
0.778151250383644	0	278
2.37291200297011	1.58496250072116	279
0.602059991327962	0	280
1.69897000433602	0	281
1.51851393987789	0	282
2.83250891270624	1	283
2.53529412004277	1	284
1.67209785793572	0	285
2.88081359228079	1	286
1.83884909073726	0	287
1.89209460269048	1	288
2.6954816764902	0	289
1.39794000867204	0	290
1.60205999132796	0	291
1.41497334797082	0	292
2.02938377768521	1	293
2.34439227368511	1	294
1.64345267648619	0	295
2.44404479591808	0	296
1.17609125905568	1	297
2.30319605742049	1	298
1.23044892137827	0	299
1	0	300
2.35602585719312	1	301
1.85733249643127	0	302
2.50105926221775	0	303
2.29885307640971	1	304
2.07918124604762	1	305
1.93449845124357	0	306
1.44715803134222	0	307
1.54406804435028	1	308
2.13033376849501	1	309
1.34242268082221	0	310
1	0	311
2.63848925695464	1	312
1	0	313
1.49136169383427	0	314
1.38021124171161	0	315
1.11394335230684	0	316
1.32221929473392	1	317
0.954242509439325	0	318
1.96378782734556	0	319
0.954242509439325	0	320
0.954242509439325	0	321
1.94448267215017	0	322
0.845098040014257	0	323
1.84509804001426	1	324
0.698970004336019	0	325
1.32221929473392	1	326
1.36172783601759	0	327
1.25527250510331	0	328
2.26245108973043	0	329
1.43136376415899	0	330
1.17609125905568	0	331
1.17609125905568	0	332
1.27875360095283	0	333
1.6232492903979	1	334
2.65127801399814	1	335
0.301029995663981	0	336
1.5910646070265	0	337
1	0	338
1.68124123737559	0	339
1.20411998265592	0	340
2.77742682238931	2	341
1.97772360528885	0	342
1	0	343
2.72997428569956	1	344
1.61278385671974	0	345
1.43136376415899	0	346
1.77815125038364	1	347
2.49554433754645	1	348
1.92941892571429	0	349
1.14612803567824	0	350
1.568201724067	0	351
0.845098040014257	0	352
1.47712125471966	0	353
1.34242268082221	0	354
0.778151250383644	0	355
1.38021124171161	0	356
1.90308998699194	1	357
1.79934054945358	0	358
1.79239168949825	0	359
1.17609125905568	0	360
0.602059991327962	0	361
1.14612803567824	1	362
0.845098040014257	0	363
0.903089986991944	0	364
0.778151250383644	0	365
0.954242509439325	0	366
1.68124123737559	1	367
1.11394335230684	0	368
1.6232492903979	0	369
2.29225607135648	0	370
0.778151250383644	0	371
2.59328606702046	2	372
2.35793484700045	1	373
1.04139268515822	0	374
1.11394335230684	0	375
1.47712125471966	0	376
1.46239799789896	0	377
1.47712125471966	0	378
1.34242268082221	0	379
0.954242509439325	0	380
0.778151250383644	0	381
1.14612803567824	0	382
1.83250891270624	1	383
1	0	384
3.17782497186468	1.58496250072116	385
0.778151250383644	0	386
1.47712125471966	0	387
1.43136376415899	0	388
1.51851393987789	0	389
0.477121254719662	0	390
0.698970004336019	0	391
0.477121254719662	0	392
0.698970004336019	0	393
0.903089986991944	0	394
0.903089986991944	0	395
1.94939000664491	0	396
0.778151250383644	0	397
0.954242509439325	0	398
2.63346845557959	1	399
1	1	400
1.46239799789896	1	401
1.54406804435028	0	402
1.65321251377534	1	403
2.15228834438306	1	404
1.20411998265592	0	405
0.903089986991944	0	406
2.10720996964787	1	407
1.07918124604762	0	408
1.36172783601759	1	409
1.14612803567824	0	410
1	1	411
1.81291335664286	0	412
1	0	413
1.07918124604762	0	414
0.778151250383644	0	415
0.477121254719662	0	416
0.954242509439325	0	417
0.602059991327962	0	418
1.11394335230684	1	419
0.698970004336019	0	420
0.602059991327962	0	421
1.32221929473392	0	422
1.25527250510331	0	423
1.11394335230684	0	424
2.11394335230684	1	425
2.51851393987789	1	426
1.86923171973098	0	427
0.845098040014257	0	428
2.2380461031288	1	429
1.20411998265592	0	430
0.903089986991944	0	431
1.11394335230684	0	432
1.99563519459755	0	433
1.73239375982297	0	434
1.38021124171161	0	435
1.70757017609794	0	436
1.44715803134222	0	437
2.10380372095596	0	438
3.13861843389949	2	439
1.69897000433602	1	440
2.35218251811136	1	441
2.50379068305718	0	442
1.38021124171161	1	443
1.95424250943932	0	444
1.91381385238372	0	445
1.04139268515822	0	446
1.47712125471966	0	447
1.43136376415899	1	448
1.7481880270062	0	449
1.568201724067	0	450
0.477121254719662	0	451
1.41497334797082	0	452
0.477121254719662	0	453
1.96378782734556	1.58496250072116	454
1.5910646070265	1	455
0.602059991327962	0	456
1.49136169383427	0	457
0.301029995663981	0	458
2.16731733474818	0	459
1.14612803567824	0	460
2.17318626841227	0	461
1.65321251377534	0	462
1.04139268515822	0	463
0.602059991327962	0	464
0.778151250383644	0	465
0.903089986991944	0	466
0.301029995663981	0	467
1.51851393987789	0	468
1.11394335230684	0	469
1.92941892571429	0	470
1.38021124171161	0	471
1.25527250510331	0	472
0.477121254719662	0	473
0.698970004336019	0	474
1.04139268515822	0	475
3.22814360759774	2	476
1.77085201164214	0	477
2.13033376849501	1	478
0.778151250383644	0	479
0.602059991327962	0	480
0.698970004336019	0	481
1.14612803567824	0	482
1.63346845557959	0	483
0.778151250383644	0	484
1.57978359661681	0	485
1.9731278535997	0	486
1.82607480270083	0	487
0.477121254719662	1	488
0.477121254719662	0	489
1.49136169383427	2	490
1.04139268515822	0	491
1.66275783168157	0	492
1.20411998265592	0	493
1.50514997831991	1	494
1.67209785793572	0	495
1.88081359228079	0	496
0.477121254719662	0	497
1.14612803567824	0	498
0.698970004336019	0	499
1.23044892137827	0	500
0.845098040014257	0	501
0.954242509439325	0	502
0.954242509439325	0	503
1.20411998265592	0	504
0.301029995663981	0	505
1.49136169383427	0	506
1	0	507
0.301029995663981	0	508
0.301029995663981	0	509
1.51851393987789	0	510
2.01283722470517	0	511
0.954242509439325	0	512
0.698970004336019	0	513
0.301029995663981	0	514
0.477121254719662	0	515
0.954242509439325	0	516
1.67209785793572	0	517
2.16435285578444	1	518
1.68124123737559	0	519
1.04139268515822	0	520
1.32221929473392	0	521
1.32221929473392	0	522
0.845098040014257	0	523
0.301029995663981	0	524
1.47712125471966	0	525
1	0	526
0.698970004336019	0	527
1.46239799789896	0	528
1.51851393987789	1	529
1.53147891704226	0	530
1.78532983501077	0	531
1.8750612633917	0	532
0.301029995663981	0	533
1	0	534
1.39794000867204	1	535
0.698970004336019	0	536
1.63346845557959	0	537
0.778151250383644	0	538
0.845098040014257	0	539
0.602059991327962	0	540
0.778151250383644	0	541
1.11394335230684	0	542
1.55630250076729	0	543
1	0	544
1.57978359661681	1	545
1.41497334797082	0	546
0.477121254719662	0	547
0.845098040014257	0	548
1.91381385238372	0	549
0.903089986991944	0	550
0.602059991327962	0	551
2.28103336724773	1.58496250072116	552
1.41497334797082	0	553
1.61278385671974	1	554
1.34242268082221	0	555
0.845098040014257	0	556
0.477121254719662	0	557
3.01703333929878	1	558
1.43136376415899	0	559
1.07918124604762	1	560
0.602059991327962	0	561
1.27875360095283	0	562
1.14612803567824	0	563
1.07918124604762	0	564
0.778151250383644	0	565
0.301029995663981	0	566
1.60205999132796	0	567
1.04139268515822	0	568
1.11394335230684	0	569
1.23044892137827	0	570
0.954242509439325	1	571
0.778151250383644	0	572
2.3541084391474	2	573
1.70757017609794	0	574
1.47712125471966	0	575
1.17609125905568	0	576
1.25527250510331	0	577
0.778151250383644	0	578
1.85733249643127	0	579
2.13987908640124	1	580
1.66275783168157	0	581
1.85733249643127	0	582
0.602059991327962	0	583
2.20139712432045	0	584
1.9912260756925	0	585
0.477121254719662	0	586
1	0	587
0.477121254719662	0	588
0.778151250383644	0	589
1.04139268515822	0	590
0.903089986991944	0	591
1.20411998265592	0	592
0.778151250383644	0	593
0	0	594
1.46239799789896	0	595
2.36921585741014	0	596
0.954242509439325	0	597
0.602059991327962	0	598
0	0	599
1.46239799789896	1	600
1.07918124604762	0	601
1.36172783601759	0	602
0.954242509439325	0	603
0.602059991327962	0	604
1.47712125471966	0	605
1	0	606
2.04532297878666	1	607
1.17609125905568	0	608
0.778151250383644	0	609
1.27875360095283	0	610
1.07918124604762	0	611
1	0	612
1.23044892137827	0	613
0.903089986991944	0	614
0.845098040014257	0	615
1.46239799789896	0	616
1.36172783601759	0	617
1.568201724067	0	618
1.25527250510331	0	619
0.698970004336019	0	620
0.301029995663981	0	621
1.20411998265592	0	622
1.04139268515822	0	623
1	1	624
1.17609125905568	0	625
0.477121254719662	1	626
0.301029995663981	0	627
1	0	628
0.477121254719662	0	629
0.301029995663981	0	630
0.477121254719662	0	631
0.477121254719662	0	632
1.53147891704226	1	633
0	0	634
0.602059991327962	0	635
1.17609125905568	0	636
0.301029995663981	0	637
1.95424250943932	0	638
1.53147891704226	0	639
0.903089986991944	0	640
0.301029995663981	0	641
2.41329976408125	0	642
1	0	643
0.778151250383644	0	644
0.778151250383644	0	645
0.477121254719662	0	646
0.477121254719662	0	647
1.53147891704226	1	648
0.778151250383644	0	649
1.20411998265592	0	650
1.43136376415899	0	651
0.903089986991944	0	652
0.778151250383644	0	653
0.301029995663981	0	654
0.954242509439325	0	655
1.20411998265592	1	656
0.845098040014257	0	657
0.778151250383644	0	658
0.602059991327962	0	659
0.698970004336019	0	660
0.301029995663981	0	661
1.90308998699194	1	662
0.301029995663981	0	663
1	0	664
0.845098040014257	1	665
1.14612803567824	0	666
1.07918124604762	0	667
1.30102999566398	0	668
1.27875360095283	0	669
0.477121254719662	0	670
1.38021124171161	0	671
0	0	672
1	0	673
1.50514997831991	0	674
1.17609125905568	0	675
1.07918124604762	0	676
0.301029995663981	0	677
1.17609125905568	0	678
0	0	679
0.301029995663981	0	680
0.477121254719662	0	681
1.17609125905568	0	682
2.3747483460101	1	683
2.03742649794062	0	684
1.41497334797082	0	685
0.698970004336019	0	686
0.301029995663981	0	687
0.698970004336019	0	688
1.04139268515822	1	689
0.301029995663981	0	690
0.301029995663981	0	691
0.698970004336019	0	692
0.477121254719662	0	693
0.602059991327962	0	694
0.903089986991944	0	695
1.20411998265592	0	696
1.07918124604762	0	697
1.46239799789896	0	698
0.698970004336019	0	699
0	0	700
0.698970004336019	0	701
0	0	702
0.477121254719662	0	703
0.301029995663981	0	704
0.477121254719662	0	705
1.11394335230684	0	706
2.04532297878666	2	707
0.477121254719662	0	708
1.83884909073726	1	709
0.301029995663981	1	710
0.698970004336019	0	711
1	0	712
1.04139268515822	1	713
0.602059991327962	0	714
1.44715803134222	0	715
2.04921802267018	1	716
0.301029995663981	0	717
1.98677173426624	0	718
0.301029995663981	0	719
1.568201724067	0	720
1.11394335230684	0	721
1.39794000867204	0	722
0.698970004336019	0	723
0.698970004336019	0	724
0.301029995663981	0	725
0.301029995663981	0	726
0.778151250383644	1	727
0.845098040014257	0	728
0.778151250383644	0	729
0	0	730
1.96848294855394	1	731
0.602059991327962	0	732
1.69897000433602	0	733
1.04139268515822	1	734
0.602059991327962	0	735
0	0	736
0.301029995663981	0	737
0.301029995663981	0	738
0	0	739
1.41497334797082	0	740
0.778151250383644	0	741
0.301029995663981	0	742
1.89209460269048	1	743
1.20411998265592	0	744
1.20411998265592	0	745
2.17026171539496	0	746
1.44715803134222	0	747
0	0	748
0	0	749
0.602059991327962	0	750
1.04139268515822	0	751
0.845098040014257	1	752
1.23044892137827	0	753
0.954242509439325	0	754
0.477121254719662	0	755
0.477121254719662	0	756
0	0	757
1.81291335664286	0	758
1.6232492903979	0	759
0.477121254719662	0	760
1.20411998265592	0	761
0.778151250383644	0	762
0.477121254719662	0	763
1.04139268515822	0	764
0.845098040014257	0	765
0.301029995663981	0	766
0.602059991327962	0	767
0.477121254719662	0	768
0.602059991327962	0	769
2.50650503240487	0	770
1.7160033436348	0	771
0.301029995663981	0	772
1.44715803134222	1	773
0.845098040014257	0	774
1.07918124604762	0	775
0.477121254719662	0	776
1.44715803134222	0	777
1	0	778
1.41497334797082	0	779
0	0	780
0	0	781
0.845098040014257	0	782
0.698970004336019	1	783
0.602059991327962	0	784
0.477121254719662	0	785
1.83250891270624	0	786
1.44715803134222	0	787
0.477121254719662	1	788
0.602059991327962	0	789
0.301029995663981	0	790
0.301029995663981	0	791
0.903089986991944	0	792
0.301029995663981	0	793
1.23044892137827	0	794
1.04139268515822	1	795
0.301029995663981	0	796
0.602059991327962	0	797
1.46239799789896	1	798
0.954242509439325	0	799
1.61278385671974	0	800
2.12057393120585	1	801
0.778151250383644	0	802
0.845098040014257	0	803
1.84509804001426	0	804
2.16435285578444	1	805
1.11394335230684	0	806
0.778151250383644	0	807
0	0	808
1.36172783601759	0	809
0.477121254719662	0	810
0.778151250383644	0	811
1.36172783601759	0	812
0.301029995663981	0	813
0.845098040014257	1	814
1.60205999132796	1	815
0.602059991327962	0	816
0.845098040014257	0	817
0.778151250383644	0	818
0.602059991327962	0	819
1.07918124604762	0	820
0.477121254719662	0	821
0.477121254719662	0	822
0.477121254719662	0	823
1.04139268515822	1	824
0.602059991327962	0	825
0.698970004336019	0	826
1.07918124604762	0	827
0	0	828
0.301029995663981	0	829
0.477121254719662	0	830
1.43136376415899	1	831
1.04139268515822	0	832
0.477121254719662	0	833
1.69019608002851	0	834
1.36172783601759	1	835
1.11394335230684	0	836
0.602059991327962	0	837
0	0	838
0	0	839
0.954242509439325	0	840
0.301029995663981	0	841
0.602059991327962	0	842
0.602059991327962	0	843
1.04139268515822	0	844
0.602059991327962	0	845
0.477121254719662	0	846
1.04139268515822	0	847
0.301029995663981	0	848
1.568201724067	1	849
1.90308998699194	1.58496250072116	850
0.602059991327962	0	851
1	0	852
1.14612803567824	0	853
2.56702636615906	0	854
1.46239799789896	0	855
0.903089986991944	0	856
0.301029995663981	0	857
0	0	858
0.903089986991944	0	859
0.477121254719662	0	860
0.778151250383644	0	861
0.602059991327962	0	862
0.845098040014257	0	863
0.954242509439325	0	864
2.00432137378264	1	865
0.903089986991944	0	866
1.07918124604762	0	867
0.301029995663981	0	868
1	0	869
1.04139268515822	0	870
0.778151250383644	0	871
0.301029995663981	0	872
1.61278385671974	0	873
0.778151250383644	0	874
1.68124123737559	0	875
1.20411998265592	0	876
1.07918124604762	0	877
0.301029995663981	0	878
1.17609125905568	0	879
0.698970004336019	0	880
1.11394335230684	0	881
0.778151250383644	1	882
1.95904139232109	1	883
2.38916608436453	0	884
1.38021124171161	0	885
1.98677173426624	1	886
2.59988307207369	0	887
1.57978359661681	1	888
1.07918124604762	0	889
2.13987908640124	0	890
2.11058971029925	0	891
0.301029995663981	0	892
1.11394335230684	0	893
0.477121254719662	0	894
0.301029995663981	0	895
0.903089986991944	0	896
0.903089986991944	0	897
0.301029995663981	0	898
0.477121254719662	0	899
1.34242268082221	0	900
1.17609125905568	0	901
0.301029995663981	0	902
0.301029995663981	1	903
0.602059991327962	0	904
0.845098040014257	0	905
1.65321251377534	1	906
0.301029995663981	0	907
0.477121254719662	0	908
0.602059991327962	0	909
0.845098040014257	0	910
0.477121254719662	0	911
0.602059991327962	0	912
0.477121254719662	0	913
0.778151250383644	0	914
1.38021124171161	0	915
0.301029995663981	0	916
0.301029995663981	0	917
0	0	918
0.477121254719662	0	919
1.38021124171161	0	920
1.72427586960079	1	921
1.43136376415899	0	922
2.02118929906994	0	923
1.38021124171161	0	924
1.46239799789896	0	925
1.81291335664286	0	926
1.63346845557959	1.58496250072116	927
0	0	928
0.903089986991944	0	929
0.698970004336019	0	930
0	0	931
0.301029995663981	0	932
0.301029995663981	0	933
0.477121254719662	0	934
0.954242509439325	0	935
1.04139268515822	0	936
1.27875360095283	0	937
0.301029995663981	0	938
0.602059991327962	0	939
1.43136376415899	0	940
0	0	941
0	0	942
0.845098040014257	0	943
0.778151250383644	0	944
0.602059991327962	0	945
0.301029995663981	0	946
0.602059991327962	0	947
0	0	948
0.477121254719662	1	949
0.301029995663981	0	950
0.903089986991944	0	951
1.04139268515822	0	952
1.97772360528885	1	953
1.25527250510331	0	954
1.47712125471966	0	955
0	0	956
1	1	957
0.477121254719662	0	958
0.954242509439325	0	959
0.698970004336019	0	960
0.477121254719662	0	961
0.602059991327962	0	962
0.698970004336019	0	963
0.477121254719662	0	964
1.04139268515822	0	965
0.845098040014257	0	966
0.602059991327962	0	967
0.301029995663981	0	968
1.04139268515822	0	969
1.17609125905568	0	970
1.20411998265592	0	971
1.14612803567824	0	972
0.778151250383644	0	973
0.602059991327962	0	974
1.8750612633917	1	975
1	1	976
0.698970004336019	0	977
0.698970004336019	0	978
1.04139268515822	0	979
0	0	980
0.477121254719662	0	981
1.50514997831991	1.58496250072116	982
1	0	983
0.698970004336019	0	984
0.301029995663981	0	985
0.301029995663981	0	986
0.477121254719662	0	987
0.778151250383644	0	988
1.17609125905568	0	989
1	0	990
0.778151250383644	0	991
1.57978359661681	0	992
1.92427928606188	1	993
0	0	994
0	0	995
0.301029995663981	0	996
0	0	997
0	0	998
0.477121254719662	0	999
0.301029995663981	0	1000
0.778151250383644	0	1001
0	0	1002
0.477121254719662	0	1003
0.301029995663981	0	1004
0.954242509439325	0	1005
1.07918124604762	0	1006
0.903089986991944	1	1007
1.25527250510331	0	1008
0.602059991327962	1	1009
0	0	1010
1.07918124604762	0	1011
0.602059991327962	0	1012
1.11394335230684	0	1013
1.04139268515822	1	1014
0.903089986991944	0	1015
0	0	1016
0.778151250383644	0	1017
0	0	1018
0	0	1019
0.602059991327962	0	1020
1.04139268515822	0	1021
0.477121254719662	0	1022
0.301029995663981	1	1023
1.14612803567824	0	1024
0.845098040014257	0	1025
0.301029995663981	0	1026
0.301029995663981	0	1027
0	0	1028
0.477121254719662	0	1029
0.602059991327962	0	1030
0.845098040014257	0	1031
0	0	1032
0.477121254719662	0	1033
0.602059991327962	0	1034
1.85733249643127	0	1035
1.11394335230684	0	1036
0.845098040014257	0	1037
0.301029995663981	0	1038
0.778151250383644	0	1039
0.602059991327962	0	1040
0.602059991327962	0	1041
1.72427586960079	1	1042
1.30102999566398	0	1043
0.778151250383644	0	1044
1.82607480270083	0	1045
0	0	1046
0.778151250383644	0	1047
1.04139268515822	0	1048
0	0	1049
0.301029995663981	0	1050
0.301029995663981	0	1051
0.301029995663981	0	1052
0.602059991327962	0	1053
0.301029995663981	0	1054
0.301029995663981	0	1055
1.23044892137827	0	1056
0.954242509439325	0	1057
1.54406804435028	0	1058
1.43136376415899	0	1059
1.38021124171161	0	1060
1.7481880270062	0	1061
1.39794000867204	0	1062
1.41497334797082	0	1063
1	0	1064
0.301029995663981	0	1065
0.301029995663981	0	1066
1.11394335230684	0	1067
0.778151250383644	0	1068
0.602059991327962	0	1069
1.04139268515822	0	1070
1.20411998265592	1	1071
1	1	1072
0.301029995663981	0	1073
0.778151250383644	0	1074
0	0	1075
0.954242509439325	1	1076
0.477121254719662	0	1077
0.698970004336019	0	1078
1.20411998265592	0	1079
0.477121254719662	0	1080
0.301029995663981	0	1081
0.477121254719662	0	1082
1.04139268515822	1	1083
0.477121254719662	0	1084
0	0	1085
0.602059991327962	0	1086
0	0	1087
0	0	1088
0.477121254719662	0	1089
1.47712125471966	0	1090
1.5910646070265	0	1091
0.477121254719662	0	1092
0.602059991327962	0	1093
0	0	1094
0.301029995663981	0	1095
1.14612803567824	0	1096
1.51851393987789	0	1097
1.07918124604762	0	1098
1.11394335230684	0	1099
1.7160033436348	0	1100
0.477121254719662	0	1101
0.698970004336019	0	1102
0.778151250383644	0	1103
0.698970004336019	0	1104
1.11394335230684	0	1105
0.778151250383644	0	1106
2.00432137378264	0	1107
0.778151250383644	0	1108
1.07918124604762	0	1109
0.477121254719662	0	1110
0.301029995663981	0	1111
0.698970004336019	0	1112
1.50514997831991	0	1113
0.845098040014257	0	1114
0.477121254719662	0	1115
1.75587485567249	0	1116
2.31175386105575	1	1117
1.67209785793572	0	1118
1.38021124171161	1	1119
1.47712125471966	1	1120
1.14612803567824	1	1121
0.301029995663981	0	1122
0.301029995663981	0	1123
1.07918124604762	0	1124
1.04139268515822	0	1125
1.20411998265592	0	1126
1.17609125905568	0	1127
2.69196510276736	2	1128
1.44715803134222	0	1129
0.477121254719662	0	1130
0.602059991327962	0	1131
0.477121254719662	0	1132
1	0	1133
0.845098040014257	0	1134
1.17609125905568	0	1135
0.903089986991944	0	1136
0.301029995663981	0	1137
0.301029995663981	0	1138
1.5910646070265	0	1139
0.698970004336019	0	1140
0.698970004336019	0	1141
0.301029995663981	0	1142
0.954242509439325	0	1143
0	0	1144
0.602059991327962	0	1145
1.25527250510331	0	1146
1.39794000867204	0	1147
1.70757017609794	1	1148
1.95904139232109	0	1149
0.602059991327962	1	1150
0.778151250383644	0	1151
0	0	1152
0.845098040014257	0	1153
0.602059991327962	0	1154
1.25527250510331	0	1155
0.602059991327962	0	1156
0.698970004336019	0	1157
0.477121254719662	0	1158
0.602059991327962	0	1159
0	0	1160
0.301029995663981	0	1161
0.301029995663981	0	1162
0.778151250383644	0	1163
0.301029995663981	0	1164
1.53147891704226	0	1165
0.477121254719662	0	1166
1.65321251377534	0	1167
0.602059991327962	0	1168
1.20411998265592	0	1169
0.301029995663981	0	1170
0.477121254719662	0	1171
0.602059991327962	0	1172
0.903089986991944	0	1173
1.38021124171161	1	1174
1.49136169383427	0	1175
1.77815125038364	0	1176
0.602059991327962	0	1177
0.954242509439325	0	1178
0.477121254719662	0	1179
0.477121254719662	0	1180
0	0	1181
0	0	1182
0.602059991327962	0	1183
0.301029995663981	0	1184
0.602059991327962	0	1185
0	0	1186
0.903089986991944	0	1187
0	0	1188
0	0	1189
0.477121254719662	0	1190
0.477121254719662	0	1191
0	0	1192
0	0	1193
0	0	1194
0.301029995663981	0	1195
0	0	1196
0	0	1197
0	0	1198
0	0	1199
0	0	1200
0	0	1201
0	0	1202
0	0	1203
0	0	1204
0.778151250383644	0	1205
0.301029995663981	0	1206
0	0	1207
0.778151250383644	0	1208
0.477121254719662	0	1209
0.602059991327962	0	1210
0.477121254719662	0	1211
0.301029995663981	0	1212
0.778151250383644	0	1213
1.39794000867204	0	1214
1.38021124171161	0	1215
0.301029995663981	0	1216
0.477121254719662	0	1217
0.301029995663981	0	1218
0.477121254719662	0	1219
0.602059991327962	0	1220
2.03342375548695	0	1221
0.698970004336019	0	1222
0.301029995663981	0	1223
0	0	1224
1.25527250510331	1	1225
1.25527250510331	1	1226
0	0	1227
0.301029995663981	0	1228
0	0	1229
0	0	1230
0	0	1231
1.30102999566398	0	1232
0	0	1233
0	0	1234
1.57978359661681	0	1235
0.477121254719662	0	1236
1.79934054945358	1	1237
0	0	1238
1.14612803567824	0	1239
0.301029995663981	0	1240
1.30102999566398	0	1241
0.602059991327962	0	1242
0.903089986991944	0	1243
0.301029995663981	0	1244
0	0	1245
0	0	1246
0	0	1247
0.301029995663981	0	1248
1.5910646070265	0	1249
1.41497334797082	0	1250
0	0	1251
0	0	1252
0.602059991327962	0	1253
0.301029995663981	0	1254
0	0	1255
0	0	1256
0	0	1257
0.301029995663981	0	1258
0.845098040014257	0	1259
0	0	1260
0.477121254719662	0	1261
0	0	1262
0	0	1263
0.698970004336019	0	1264
1.38021124171161	0	1265
0	0	1266
1.39794000867204	0	1267
0	0	1268
0	0	1269
0.301029995663981	0	1270
0.301029995663981	0	1271
1	0	1272
1.65321251377534	0	1273
0	0	1274
0.845098040014257	0	1275
0.698970004336019	0	1276
1.72427586960079	0	1277
0.778151250383644	0	1278
0	0	1279
0	0	1280
0	0	1281
0.477121254719662	0	1282
0.602059991327962	1	1283
0.698970004336019	0	1284
1.27875360095283	0	1285
0	0	1286
0	0	1287
0.301029995663981	0	1288
0.903089986991944	0	1289
1.64345267648619	0	1290
0.301029995663981	1	1291
0	0	1292
0	0	1293
0	0	1294
0.903089986991944	0	1295
1	0	1296
0	0	1297
0	0	1298
0	0	1299
0.301029995663981	0	1300
1.41497334797082	0	1301
0.903089986991944	0	1302
0	0	1303
0	0	1304
0.301029995663981	0	1305
0.301029995663981	0	1306
1.30102999566398	0	1307
0.845098040014257	0	1308
0	0	1309
0	0	1310
0.477121254719662	0	1311
1.46239799789896	1	1312
1.17609125905568	0	1313
0.477121254719662	0	1314
1.50514997831991	0	1315
0	0	1316
0	0	1317
0.602059991327962	0	1318
0.301029995663981	0	1319
0	0	1320
0	0	1321
0	0	1322
0	0	1323
1.20411998265592	0	1324
0.602059991327962	0	1325
0	0	1326
0.301029995663981	0	1327
0.698970004336019	0	1328
0	0	1329
0	0	1330
0	0	1331
0	0	1332
0.954242509439325	0	1333
0	0	1334
0.903089986991944	0	1335
0	0	1336
0	0	1337
1.74036268949424	0	1338
0	0	1339
0	0	1340
0	0	1341
0.301029995663981	0	1342
0.301029995663981	1	1343
0	0	1344
0	0	1345
0.477121254719662	0	1346
1.82607480270083	2	1347
0.477121254719662	0	1348
0	0	1349
0	0	1350
0.845098040014257	0	1351
0	0	1352
0	0	1353
0	0	1354
0.778151250383644	0	1355
0	0	1356
0	0	1357
0	0	1358
0	0	1359
0	0	1360
0	0	1361
0	0	1362
0	0	1363
0.301029995663981	0	1364
1.53147891704226	0	1365
0	0	1366
0.301029995663981	0	1367
0	0	1368
0	0	1369
1.17609125905568	0	1370
0.301029995663981	0	1371
0	0	1372
0	0	1373
0	0	1374
0	0	1375
0.301029995663981	0	1376
0	0	1377
0.602059991327962	0	1378
0.698970004336019	0	1379
0	0	1380
0.301029995663981	0	1381
0.954242509439325	0	1382
0	0	1383
0.301029995663981	0	1384
0	0	1385
0	0	1386
0.301029995663981	0	1387
0.477121254719662	0	1388
0	0	1389
0	0	1390
0	0	1391
0	0	1392
1.79934054945358	0	1393
0.698970004336019	0	1394
0	0	1395
0.903089986991944	0	1396
0	0	1397
0	0	1398
0.602059991327962	0	1399
0	0	1400
0	0	1401
0	0	1402
0	0	1403
0	0	1404
0	0	1405
0	0	1406
0	0	1407
0	0	1408
0	0	1409
0	0	1410
0.602059991327962	0	1411
0	0	1412
0	0	1413
0.602059991327962	0	1414
0.602059991327962	0	1415
0	0	1416
0.477121254719662	0	1417
0.301029995663981	0	1418
1.49136169383427	1	1419
0.301029995663981	1	1420
0	0	1421
0.477121254719662	0	1422
0	0	1423
1.41497334797082	0	1424
0.301029995663981	0	1425
1.66275783168157	0	1426
1.72427586960079	0	1427
0.845098040014257	0	1428
0	0	1429
0.301029995663981	0	1430
0	0	1431
0.698970004336019	0	1432
0.903089986991944	0	1433
0.602059991327962	0	1434
0.477121254719662	0	1435
0.903089986991944	0	1436
1.72427586960079	0	1437
0	0	1438
0	0	1439
0	0	1440
1.39794000867204	0	1441
0	0	1442
0.301029995663981	0	1443
0.301029995663981	0	1444
0.477121254719662	0	1445
0	0	1446
0.698970004336019	0	1447
1	0	1448
0	0	1449
0	0	1450
0	0	1451
0.698970004336019	1	1452
0.477121254719662	0	1453
0.954242509439325	0	1454
1.14612803567824	0	1455
0	0	1456
0.301029995663981	0	1457
0	0	1458
0	0	1459
0	0	1460
0	0	1461
0.477121254719662	0	1462
0.477121254719662	1	1463
0	0	1464
0	0	1465
0.301029995663981	0	1466
0	0	1467
0	0	1468
0	0	1469
0	0	1470
0	0	1471
0	0	1472
0	0	1473
0	0	1474
0.477121254719662	0	1475
0	0	1476
0.954242509439325	0	1477
0	0	1478
0	0	1479
1.47712125471966	0	1480
0	0	1481
0	0	1482
0	0	1483
0	0	1484
0	0	1485
1.68124123737559	1	1486
0.477121254719662	0	1487
0.301029995663981	0	1488
0	0	1489
0	0	1490
2.98900461569854	1	1491
0.845098040014257	0	1492
1.64345267648619	0	1493
0	0	1494
0.602059991327962	0	1495
0	0	1496
0	0	1497
0	0	1498
0	0	1499
0	0	1500
0	0	1501
0	0	1502
0.602059991327962	0	1503
1.04139268515822	0	1504
0	0	1505
0	0	1506
0.301029995663981	0	1507
0.301029995663981	0	1508
0	0	1509
0	0	1510
0	0	1511
0	0	1512
0.301029995663981	0	1513
0	0	1514
0	0	1515
0	0	1516
0.301029995663981	0	1517
0	0	1518
0.301029995663981	0	1519
0.301029995663981	0	1520
0.698970004336019	0	1521
0.845098040014257	0	1522
0.903089986991944	0	1523
0	0	1524
1	0	1525
1.27875360095283	0	1526
0	0	1527
0.477121254719662	0	1528
0.845098040014257	0	1529
0	0	1530
0.301029995663981	0	1531
1.14612803567824	0	1532
0.301029995663981	0	1533
0.301029995663981	0	1534
0.301029995663981	0	1535
0	0	1536
0.602059991327962	0	1537
0.301029995663981	0	1538
0.602059991327962	0	1539
0	0	1540
1	0	1541
1.30102999566398	0	1542
0.301029995663981	0	1543
0	0	1544
0	0	1545
0	0	1546
0.301029995663981	0	1547
0	0	1548
1.14612803567824	0	1549
0.301029995663981	0	1550
1.14612803567824	0	1551
0.903089986991944	0	1552
0.845098040014257	0	1553
0	0	1554
1.25527250510331	0	1555
0.698970004336019	0	1556
0.301029995663981	0	1557
1.5910646070265	0	1558
0.954242509439325	0	1559
0	0	1560
0	0	1561
0	0	1562
0	0	1563
0	0	1564
0.602059991327962	0	1565
0.301029995663981	0	1566
0	0	1567
0.301029995663981	0	1568
0.698970004336019	0	1569
0	0	1570
0	0	1571
0.954242509439325	0	1572
1.32221929473392	0	1573
0.845098040014257	0	1574
0.602059991327962	1	1575
1.23044892137827	0	1576
0	0	1577
0.301029995663981	0	1578
0.301029995663981	0	1579
0	0	1580
0	0	1581
0	0	1582
0.301029995663981	0	1583
0.477121254719662	0	1584
0.301029995663981	0	1585
0	0	1586
0.477121254719662	0	1587
0	0	1588
1.04139268515822	0	1589
0	0	1590
0.477121254719662	0	1591
0.845098040014257	0	1592
0.602059991327962	0	1593
0	0	1594
0.602059991327962	0	1595
0	0	1596
0.477121254719662	0	1597
0	0	1598
0.301029995663981	0	1599
0	0	1600
1.23044892137827	1	1601
0.477121254719662	0	1602
1	0	1603
0	0	1604
0	0	1605
0	0	1606
1.32221929473392	0	1607
0.778151250383644	0	1608
0	0	1609
0.602059991327962	0	1610
0	0	1611
0	0	1612
0.602059991327962	0	1613
0	0	1614
0	0	1615
0	0	1616
0	0	1617
0.602059991327962	0	1618
0.845098040014257	0	1619
0	0	1620
0	0	1621
0.778151250383644	0	1622
0.301029995663981	0	1623
0	0	1624
0.602059991327962	0	1625
1.25527250510331	0	1626
0	0	1627
0	0	1628
0	0	1629
0	0	1630
0.301029995663981	0	1631
0	0	1632
0.778151250383644	0	1633
0	0	1634
0	0	1635
0	0	1636
0.602059991327962	0	1637
0	0	1638
0	0	1639
0	0	1640
1.07918124604762	0	1641
0.301029995663981	0	1642
0.477121254719662	0	1643
0	0	1644
0	0	1645
0	0	1646
1.11394335230684	1.58496250072116	1647
1.92941892571429	0	1648
0	0	1649
0.845098040014257	0	1650
0	0	1651
0.602059991327962	0	1652
0	0	1653
0	0	1654
0	0	1655
0	0	1656
0	0	1657
0	0	1658
0	0	1659
0	0	1660
0	0	1661
0	0	1662
0	0	1663
0	0	1664
0	0	1665
0	0	1666
0	0	1667
0	0	1668
0	0	1669
2.09691001300806	0	1670
0.477121254719662	0	1671
0.301029995663981	0	1672
0.301029995663981	0	1673
0	0	1674
0.301029995663981	0	1675
0	0	1676
0	0	1677
0	0	1678
0	0	1679
0	0	1680
0.477121254719662	0	1681
1.39794000867204	1	1682
0.301029995663981	0	1683
0.301029995663981	0	1684
0	0	1685
0	0	1686
0	0	1687
0.845098040014257	0	1688
0	0	1689
0	0	1690
0	0	1691
0	0	1692
0.602059991327962	0	1693
0.602059991327962	0	1694
0.301029995663981	0	1695
0.698970004336019	0	1696
0	0	1697
1.34242268082221	0	1698
0	0	1699
0.903089986991944	0	1700
0.698970004336019	0	1701
0	0	1702
1.07918124604762	1	1703
1.47712125471966	0	1704
0	0	1705
0.778151250383644	0	1706
0	0	1707
0	0	1708
0.477121254719662	0	1709
1.04139268515822	0	1710
1.14612803567824	1	1711
0	0	1712
1.46239799789896	0	1713
0	0	1714
0	0	1715
0	0	1716
0	0	1717
0	0	1718
0	0	1719
0.301029995663981	0	1720
0.301029995663981	0	1721
0	0	1722
0	0	1723
0	0	1724
0.301029995663981	0	1725
0.301029995663981	0	1726
0.301029995663981	0	1727
0.477121254719662	0	1728
0.301029995663981	0	1729
0	0	1730
1.23044892137827	0	1731
0	0	1732
0.301029995663981	0	1733
1.14612803567824	1	1734
0	0	1735
0	0	1736
0.301029995663981	0	1737
0.301029995663981	0	1738
0.477121254719662	0	1739
0.903089986991944	0	1740
0.477121254719662	0	1741
0.602059991327962	0	1742
0.778151250383644	0	1743
0	0	1744
0.698970004336019	0	1745
0	0	1746
0.301029995663981	0	1747
0.477121254719662	0	1748
0.845098040014257	0	1749
0.477121254719662	0	1750
1.07918124604762	1	1751
0	0	1752
1.38021124171161	0	1753
0.301029995663981	0	1754
1.568201724067	0	1755
0	0	1756
0	0	1757
0	0	1758
0	0	1759
0	0	1760
0.845098040014257	0	1761
0.301029995663981	0	1762
0	0	1763
0	0	1764
0.301029995663981	0	1765
1.83250891270624	0	1766
0.477121254719662	0	1767
0	0	1768
0	0	1769
0	0	1770
0	0	1771
0	0	1772
0	0	1773
0.301029995663981	0	1774
1.57978359661681	0	1775
0.477121254719662	0	1776
1	0	1777
0.602059991327962	0	1778
1.11394335230684	0	1779
0	0	1780
1.07918124604762	0	1781
0.845098040014257	0	1782
0.301029995663981	0	1783
0	0	1784
0	0	1785
0	0	1786
0.477121254719662	0	1787
0	0	1788
0	0	1789
0	0	1790
0	0	1791
0	0	1792
0.903089986991944	0	1793
0	0	1794
0.301029995663981	0	1795
0	0	1796
0	0	1797
0	0	1798
1.32221929473392	0	1799
0.301029995663981	0	1800
0.602059991327962	0	1801
0	0	1802
0	0	1803
0	0	1804
0	0	1805
0	0	1806
0	0	1807
0	0	1808
0	0	1809
0.602059991327962	0	1810
0	0	1811
0	0	1812
0	0	1813
0.301029995663981	0	1814
0	0	1815
0	0	1816
0	0	1817
0.602059991327962	0	1818
0.301029995663981	0	1819
0	0	1820
0	0	1821
0	0	1822
0	0	1823
0	0	1824
1	0	1825
0	0	1826
0	0	1827
0	0	1828
0.301029995663981	0	1829
0.477121254719662	0	1830
0.477121254719662	0	1831
0	0	1832
0	0	1833
0	0	1834
0	0	1835
0	0	1836
0	0	1837
0	0	1838
0.477121254719662	0	1839
0	0	1840
0	0	1841
0	0	1842
0	0	1843
0	0	1844
0	0	1845
1.51851393987789	0	1846
1	0	1847
0.698970004336019	0	1848
1.8750612633917	0	1849
2.37839790094814	1	1850
0.301029995663981	0	1851
0	0	1852
0.477121254719662	0	1853
0	0	1854
0.778151250383644	0	1855
0	0	1856
0	0	1857
0	0	1858
0	0	1859
0.698970004336019	0	1860
0	0	1861
0	0	1862
0	0	1863
0	0	1864
0	0	1865
0	0	1866
0.602059991327962	0	1867
0	0	1868
0.602059991327962	0	1869
0	0	1870
0	0	1871
0	0	1872
0.301029995663981	0	1873
0.301029995663981	0	1874
0.301029995663981	0	1875
0	0	1876
0	0	1877
1.25527250510331	0	1878
0	0	1879
0	0	1880
0	0	1881
0	0	1882
0	0	1883
0	0	1884
0	0	1885
0	0	1886
0.778151250383644	0	1887
0.301029995663981	0	1888
0.903089986991944	0	1889
0.301029995663981	0	1890
0.477121254719662	0	1891
0	0	1892
0	0	1893
0	0	1894
0	0	1895
0	0	1896
0	0	1897
0	0	1898
0	0	1899
0.301029995663981	0	1900
0	0	1901
0	0	1902
0.477121254719662	0	1903
0	0	1904
0	0	1905
0.477121254719662	0	1906
0.845098040014257	0	1907
2.16435285578444	0	1908
0	0	1909
0	0	1910
0	0	1911
0	0	1912
0	0	1913
0	0	1914
0	0	1915
0	0	1916
0.602059991327962	1	1917
0.602059991327962	0	1918
0.301029995663981	0	1919
0.301029995663981	0	1920
0	0	1921
0.602059991327962	0	1922
0.477121254719662	0	1923
0.698970004336019	0	1924
0	0	1925
1.11394335230684	0	1926
0.698970004336019	0	1927
0	0	1928
0	0	1929
0	0	1930
0.778151250383644	0	1931
0	0	1932
0.698970004336019	0	1933
0	0	1934
1.32221929473392	0	1935
0	0	1936
0	0	1937
0	0	1938
0	0	1939
0	0	1940
0	0	1941
0.301029995663981	0	1942
0	0	1943
0	0	1944
0	0	1945
0	0	1946
0.477121254719662	0	1947
0.477121254719662	0	1948
0	0	1949
0	0	1950
0	0	1951
0	0	1952
1.43136376415899	0	1953
0.903089986991944	0	1954
0.602059991327962	0	1955
0	0	1956
0.477121254719662	0	1957
0	0	1958
0.698970004336019	0	1959
0	0	1960
0	0	1961
0	0	1962
1.75587485567249	0	1963
0.301029995663981	0	1964
1.17609125905568	0	1965
0	0	1966
1.04139268515822	0	1967
0.301029995663981	0	1968
0.903089986991944	0	1969
0.602059991327962	0	1970
0	0	1971
0	0	1972
0.778151250383644	0	1973
0.845098040014257	0	1974
0.477121254719662	0	1975
0	0	1976
0	0	1977
0.301029995663981	0	1978
0.477121254719662	0	1979
0.477121254719662	0	1980
0.301029995663981	0	1981
1.32221929473392	0	1982
0	0	1983
0	0	1984
0.477121254719662	0	1985
1.57978359661681	0	1986
0.903089986991944	1	1987
0	0	1988
0	0	1989
0	0	1990
0	0	1991
0	0	1992
0	0	1993
0	0	1994
0	0	1995
0	0	1996
0	0	1997
0	0	1998
0	0	1999
0	0	2000
0	0	2001
0	0	2002
0.477121254719662	0	2003
0	0	2004
0	0	2005
0.903089986991944	0	2006
0	0	2007
0	0	2008
0.301029995663981	0	2009
0	0	2010
0.301029995663981	1	2011
0	0	2012
0.903089986991944	1	2013
0	0	2014
0	0	2015
0.602059991327962	0	2016
0	0	2017
0	0	2018
0.698970004336019	0	2019
0	0	2020
0	0	2021
0	0	2022
0	0	2023
0.778151250383644	0	2024
0	0	2025
0.477121254719662	0	2026
0.954242509439325	1	2027
0	0	2028
0	0	2029
0.477121254719662	0	2030
0	0	2031
0	0	2032
0	0	2033
0	0	2034
0.301029995663981	0	2035
0	0	2036
0	0	2037
0	0	2038
0	0	2039
0	0	2040
0.301029995663981	0	2041
0	0	2042
0.301029995663981	0	2043
0	0	2044
0	0	2045
0	0	2046
0	0	2047
0	0	2048
0.698970004336019	0	2049
0	0	2050
0.301029995663981	0	2051
0	0	2052
0.301029995663981	0	2053
0	0	2054
0	0	2055
0	0	2056
0	0	2057
0	0	2058
0	0	2059
0	0	2060
1.88081359228079	0	2061
0	0	2062
0	0	2063
0	0	2064
0	0	2065
0	0	2066
0	0	2067
0	0	2068
0	0	2069
0	0	2070
1	0	2071
0.845098040014257	0	2072
0	0	2073
0.477121254719662	0	2074
1.04139268515822	0	2075
0.845098040014257	0	2076
0	0	2077
0	0	2078
0.698970004336019	0	2079
0.698970004336019	0	2080
0	0	2081
0.845098040014257	0	2082
0	0	2083
0	0	2084
0	0	2085
0	0	2086
0.301029995663981	0	2087
0	0	2088
0.477121254719662	0	2089
0.602059991327962	0	2090
0	0	2091
0	0	2092
0	0	2093
0	0	2094
0	0	2095
0	0	2096
0	0	2097
0	0	2098
0	0	2099
0	0	2100
0.903089986991944	0	2101
0	0	2102
0.301029995663981	0	2103
0	0	2104
0	0	2105
1.43136376415899	0	2106
0.477121254719662	0	2107
0	0	2108
1.72427586960079	1	2109
0	0	2110
0	0	2111
0	0	2112
1.30102999566398	0	2113
1.17609125905568	0	2114
0.301029995663981	0	2115
0	0	2116
0.698970004336019	0	2117
0	0	2118
0	0	2119
0.477121254719662	0	2120
0.778151250383644	0	2121
0	0	2122
0	0	2123
0.477121254719662	0	2124
0.301029995663981	0	2125
0	0	2126
0	0	2127
0	0	2128
0.301029995663981	0	2129
0.301029995663981	0	2130
1.20411998265592	0	2131
0	0	2132
0	0	2133
0	0	2134
0.301029995663981	0	2135
0	0	2136
0.301029995663981	0	2137
0.477121254719662	0	2138
1	0	2139
0.778151250383644	0	2140
0.778151250383644	1	2141
0.301029995663981	0	2142
0	0	2143
0	0	2144
0.477121254719662	0	2145
0	0	2146
0	0	2147
0	0	2148
0	0	2149
0	0	2150
0	0	2151
0	0	2152
0	0	2153
0.602059991327962	0	2154
0.602059991327962	0	2155
0	0	2156
0.301029995663981	0	2157
0.301029995663981	0	2158
0.954242509439325	0	2159
0	0	2160
0	0	2161
0	0	2162
0.301029995663981	0	2163
0	0	2164
0.301029995663981	0	2165
0	0	2166
0.301029995663981	0	2167
0	0	2168
0.698970004336019	0	2169
0	0	2170
0	0	2171
0.477121254719662	0	2172
0.477121254719662	0	2173
0	0	2174
0	0	2175
0	0	2176
0	0	2177
0	0	2178
0	0	2179
0	0	2180
0	0	2181
0	0	2182
0	0	2183
0	0	2184
0	0	2185
0.301029995663981	0	2186
0.301029995663981	0	2187
0	0	2188
0	0	2189
0	0	2190
0.301029995663981	0	2191
0.301029995663981	0	2192
0.477121254719662	0	2193
0	0	2194
0	0	2195
1.25527250510331	0	2196
1.44715803134222	0	2197
0	0	2198
0.477121254719662	0	2199
0.477121254719662	0	2200
0.698970004336019	0	2201
1.04139268515822	0	2202
1.11394335230684	0	2203
0	0	2204
0.602059991327962	0	2205
0.301029995663981	0	2206
0.845098040014257	0	2207
0	0	2208
0.301029995663981	0	2209
0	0	2210
0.698970004336019	0	2211
0.301029995663981	0	2212
0.477121254719662	0	2213
0.301029995663981	0	2214
1.17609125905568	1	2215
0	0	2216
0.477121254719662	0	2217
0	0	2218
0	0	2219
0	0	2220
0	0	2221
0	0	2222
0	0	2223
0	0	2224
0	0	2225
0.301029995663981	0	2226
0.301029995663981	0	2227
0	0	2228
0.477121254719662	0	2229
1.04139268515822	0	2230
1.04139268515822	0	2231
0.477121254719662	0	2232
0.778151250383644	0	2233
0	0	2234
0	0	2235
0	0	2236
0	0	2237
0	0	2238
0.602059991327962	0	2239
0	0	2240
0.602059991327962	0	2241
0.301029995663981	0	2242
0	0	2243
0	0	2244
0	0	2245
0	0	2246
0	0	2247
0.903089986991944	0	2248
0	0	2249
1	0	2250
0	0	2251
1.23044892137827	0	2252
0.602059991327962	0	2253
0.477121254719662	0	2254
0	0	2255
0.301029995663981	0	2256
1.20411998265592	0	2257
0.301029995663981	0	2258
0	0	2259
0	0	2260
0.477121254719662	0	2261
0.602059991327962	0	2262
0.301029995663981	0	2263
0.301029995663981	0	2264
0.477121254719662	0	2265
0	0	2266
0.845098040014257	0	2267
0.301029995663981	0	2268
1.27875360095283	0	2269
0.301029995663981	0	2270
1.07918124604762	0	2271
0	0	2272
0.477121254719662	0	2273
0	0	2274
0	0	2275
0	0	2276
0	0	2277
0	0	2278
0.845098040014257	0	2279
0	0	2280
0	0	2281
0	0	2282
0.954242509439325	0	2283
0	0	2284
0.602059991327962	0	2285
0	0	2286
0	0	2287
0	0	2288
0	0	2289
0	0	2290
0	0	2291
0.477121254719662	0	2292
1.46239799789896	1	2293
0	0	2294
1.32221929473392	0	2295
0.301029995663981	0	2296
1.60205999132796	0	2297
0	0	2298
0	0	2299
0	0	2300
0	0	2301
0.301029995663981	0	2302
0	0	2303
0	0	2304
0	0	2305
0	0	2306
0	0	2307
0	0	2308
0	0	2309
0.778151250383644	0	2310
0.301029995663981	0	2311
0	0	2312
0	0	2313
0	0	2314
0	0	2315
0	0	2316
0	0	2317
0	0	2318
0	0	2319
0	0	2320
0	0	2321
0	0	2322
0	0	2323
0	0	2324
0	0	2325
0	0	2326
0	0	2327
0.845098040014257	0	2328
0.954242509439325	0	2329
1.36172783601759	0	2330
1.54406804435028	0	2331
0	0	2332
0.954242509439325	0	2333
0	0	2334
0.602059991327962	0	2335
0.301029995663981	0	2336
0.698970004336019	0	2337
0	0	2338
0	0	2339
0	0	2340
0	0	2341
0.477121254719662	0	2342
1.38021124171161	0	2343
0.477121254719662	0	2344
0	0	2345
0	0	2346
0	0	2347
0.778151250383644	0	2348
0	0	2349
1.54406804435028	0	2350
1.17609125905568	0	2351
0	0	2352
