group	x	y	showSelected1
1	12080	24	44
1	12080	24	140
1	12080	24	1202
1	12080	24	1337
1	12080	24	1659
1	12080	24	329
1	12080	24	1227
1	12080	24	1238
1	12080	24	279
1	12080	24	106
1	12080	24	217
1	12080	24	1177
1	12080	24	1518
1	12080	24	588
1	12080	24	2228
1	12080	24	896
1	12080	24	202
1	12080	24	1285
1	12080	24	523
1	12080	24	1226
1	12080	24	1245
1	12080	24	2290
2	12130	24	279
2	12130	24	670
2	12130	24	1443
2	12130	24	106
2	12130	24	150
2	12130	24	44
2	12130	24	1838
2	12130	24	137
2	12130	24	2031
2	12130	24	267
2	12130	24	22
2	12130	24	217
2	12130	24	985
2	12130	24	1533
2	12130	24	701
2	12130	24	1864
2	12130	24	1828
2	12130	24	486
2	12130	24	1174
2	12130	24	1226
2	12130	24	1863
2	12130	24	1884
2	12130	24	440
2	12130	24	202
2	12130	24	2081
2	12130	24	1037
2	12130	24	361
2	12130	24	1971
2	12130	24	1216
2	12130	24	577
2	12130	24	1649
2	12130	24	218
2	12130	24	693
2	12130	24	931
2	12130	24	1851
2	12130	24	1001
2	12130	24	513
2	12130	24	1595
2	12130	24	1667
2	12130	24	1645
2	12130	24	1086
2	12130	24	1620
2	12130	24	1514
2	12130	24	1083
2	12130	24	1701
2	12130	24	2147
2	12130	24	678
2	12130	24	878
2	12130	24	121
2	12130	24	933
2	12130	24	2139
2	12130	24	442
2	12130	24	2348
2	12130	24	614
2	12130	24	1747
2	12130	24	1111
2	12130	24	1073
2	12130	24	1208
2	12130	24	645
2	12130	24	876
2	12130	24	946
2	12130	24	2299
2	12130	24	1256
2	12130	24	2258
2	12130	24	1949
2	12130	24	1440
2	12130	24	1948
2	12130	24	1704
2	12130	24	1552
2	12130	24	500
2	12130	24	1084
2	12130	24	348
2	12130	24	608
2	12130	24	248
2	12130	24	1494
2	12130	24	706
2	12130	24	945
2	12130	24	445
2	12130	24	1307
2	12130	24	378
2	12130	24	708
2	12130	24	1326
2	12130	24	1712
2	12130	24	118
3	12130	74	279
3	12130	74	106
3	12130	74	218
3	12130	74	1765
3	12130	74	1672
3	12130	74	547
3	12130	74	1695
3	12130	74	65
3	12130	74	309
3	12130	74	150
3	12130	74	2254
3	12130	74	1560
3	12130	74	891
3	12130	74	1782
3	12130	74	654
3	12130	74	2164
3	12130	74	1757
3	12130	74	2044
3	12130	74	1580
3	12130	74	1462
3	12130	74	1728
3	12130	74	1254
3	12130	74	22
3	12130	74	1589
3	12130	74	824
3	12130	74	1577
3	12130	74	1174
3	12130	74	133
3	12130	74	725
3	12130	74	535
3	12130	74	1371
3	12130	74	2008
3	12130	74	1708
3	12130	74	2312
3	12130	74	2110
3	12130	74	1543
3	12130	74	1295
3	12130	74	440
3	12130	74	861
3	12130	74	1083
3	12130	74	121
6	12180	74	65
6	12180	74	1323
6	12180	74	1991
6	12180	74	127
6	12180	74	633
6	12180	74	309
6	12180	74	218
6	12180	74	618
6	12180	74	61
6	12180	74	1882
6	12180	74	2014
6	12180	74	579
6	12180	74	1990
6	12180	74	261
6	12180	74	66
6	12180	74	1774
6	12180	74	1680
6	12180	74	2016
6	12180	74	2092
6	12180	74	1914
6	12180	74	2145
6	12180	74	1570
6	12180	74	1596
6	12180	74	2247
6	12180	74	2182
6	12180	74	824
6	12180	74	121
6	12180	74	1400
6	12180	74	823
6	12180	74	2032
6	12180	74	1417
6	12180	74	1569
6	12180	74	690
6	12180	74	2128
6	12180	74	512
6	12180	74	1604
6	12180	74	27
6	12180	74	388
6	12180	74	428
6	12180	74	1944
6	12180	74	1994
6	12180	74	2091
6	12180	74	970
6	12180	74	1993
6	12180	74	1931
6	12180	74	501
6	12180	74	1923
6	12180	74	1968
6	12180	74	1322
6	12180	74	1862
6	12180	74	2180
6	12180	74	535
6	12180	74	2111
6	12180	74	1581
6	12180	74	1992
6	12180	74	1909
6	12180	74	1320
6	12180	74	1790
6	12180	74	885
6	12180	74	2144
6	12180	74	2337
6	12180	74	2179
6	12180	74	346
6	12180	74	2143
6	12180	74	1791
6	12180	74	1610
6	12180	74	473
6	12180	74	631
6	12180	74	881
6	12180	74	1435
6	12180	74	797
6	12180	74	1211
6	12180	74	1565
6	12180	74	574
6	12180	74	2127
6	12180	74	1880
6	12180	74	297
6	12180	74	1378
6	12180	74	1911
6	12180	74	1367
6	12180	74	895
6	12180	74	119
6	12180	74	1460
6	12180	74	2229
6	12180	74	1916
6	12180	74	64
6	12180	74	2181
6	12180	74	1321
6	12180	74	874
6	12180	74	1253
6	12180	74	1664
6	12180	74	1956
6	12180	74	1912
6	12180	74	1349
6	12180	74	962
6	12180	74	665
6	12180	74	2162
6	12180	74	525
6	12180	74	1351
6	12180	74	264
6	12180	74	1891
6	12180	74	490
6	12180	74	1276
6	12180	74	728
6	12180	74	984
6	12180	74	1348
6	12180	74	1988
6	12180	74	2125
6	12180	74	1924
6	12180	74	1537
6	12180	74	1141
6	12180	74	524
6	12180	74	1888
6	12180	74	1661
6	12180	74	1430
6	12180	74	2212
6	12180	74	821
6	12180	74	1879
6	12180	74	234
6	12180	74	2178
6	12180	74	308
6	12180	74	1910
6	12180	74	1517
6	12180	74	1544
6	12180	74	118
6	12180	74	1114
6	12180	74	355
6	12180	74	996
6	12180	74	50
6	12180	74	566
6	12180	74	85
6	12180	74	849
6	12180	74	1274
6	12180	74	584
6	12180	74	2177
6	12180	74	1088
6	12180	74	1989
6	12180	74	2335
6	12180	74	1662
6	12180	74	1064
6	12180	74	408
6	12180	74	810
6	12180	74	938
6	12180	74	272
6	12180	74	123
6	12180	74	258
6	12180	74	1248
6	12180	74	1237
6	12180	74	1628
6	12180	74	1854
6	12180	74	4
6	12180	74	1629
6	12180	74	1976
5	12180	124	633
5	12180	124	1545
5	12180	124	65
5	12180	124	66
5	12180	124	2220
5	12180	124	917
5	12180	124	57
5	12180	124	2279
5	12180	124	1458
5	12180	124	71
5	12180	124	1159
5	12180	124	1029
5	12180	124	33
5	12180	124	1212
5	12180	124	1397
5	12180	124	104
5	12180	124	1482
5	12180	124	879
5	12180	124	471
5	12180	124	1342
5	12180	124	2001
5	12180	124	261
5	12180	124	2256
5	12180	124	1191
5	12180	124	1172
5	12180	124	1376
5	12180	124	1439
5	12180	124	1431
5	12180	124	1190
5	12180	124	2308
5	12180	124	2307
5	12180	124	429
5	12180	124	2306
5	12180	124	2002
5	12180	124	1412
5	12180	124	394
5	12180	124	1488
5	12180	124	313
5	12180	124	2304
5	12180	124	2050
5	12180	124	437
5	12180	124	2003
5	12180	124	2305
5	12180	124	1718
5	12180	124	1024
5	12180	124	1717
5	12180	124	1725
5	12180	124	52
5	12180	124	297
5	12180	124	934
5	12180	124	1761
5	12180	124	119
5	12180	124	750
5	12180	124	665
5	12180	124	490
8	12230	124	33
8	12230	124	1631
8	12230	124	293
8	12230	124	2030
8	12230	124	71
8	12230	124	115
8	12230	124	638
8	12230	124	429
8	12230	124	541
8	12230	124	464
8	12230	124	712
8	12230	124	1876
8	12230	124	46
8	12230	124	625
8	12230	124	1824
8	12230	124	57
8	12230	124	2288
8	12230	124	185
8	12230	124	837
8	12230	124	1069
8	12230	124	2341
8	12230	124	2324
8	12230	124	263
8	12230	124	1099
8	12230	124	744
8	12230	124	2340
8	12230	124	1947
8	12230	124	1611
8	12230	124	629
8	12230	124	1630
8	12230	124	2193
8	12230	124	1716
8	12230	124	1608
8	12230	124	1318
8	12230	124	2049
8	12230	124	1753
8	12230	124	1339
8	12230	124	1316
8	12230	124	822
8	12230	124	2066
8	12230	124	300
8	12230	124	1479
8	12230	124	2073
8	12230	124	317
8	12230	124	52
8	12230	124	873
8	12230	124	194
8	12230	124	1826
8	12230	124	589
8	12230	124	195
8	12230	124	119
8	12230	124	1153
8	12230	124	1135
8	12230	124	880
8	12230	124	282
8	12230	124	939
8	12230	124	2183
8	12230	124	872
8	12230	124	208
8	12230	124	778
8	12230	124	863
8	12230	124	372
8	12230	124	1528
8	12230	124	1822
8	12230	124	978
8	12230	124	91
8	12230	124	1365
8	12230	124	129
8	12230	124	136
8	12230	124	1163
8	12230	124	692
8	12230	124	490
8	12230	124	2026
8	12230	124	943
8	12230	124	699
8	12230	124	954
8	12230	124	586
8	12230	124	2345
8	12230	124	2167
8	12230	124	1523
8	12230	124	569
8	12230	124	1759
8	12230	124	240
8	12230	124	1154
8	12230	124	259
8	12230	124	683
8	12230	124	649
8	12230	124	389
8	12230	124	1394
8	12230	124	1995
8	12230	124	257
8	12230	124	1398
8	12230	124	1076
8	12230	124	387
8	12230	124	2146
8	12230	124	640
8	12230	124	169
8	12230	124	1107
8	12230	124	1917
8	12230	124	48
8	12230	124	2303
8	12230	124	2215
8	12230	124	1
8	12230	124	232
8	12230	124	1721
8	12230	124	1711
8	12230	124	1855
8	12230	124	253
8	12230	124	1481
8	12230	124	1803
8	12230	124	982
9	12230	174	293
9	12230	174	1715
9	12230	174	46
9	12230	174	784
9	12230	174	2342
9	12230	174	10
9	12230	174	7
9	12230	174	416
9	12230	174	2175
9	12230	174	1023
9	12230	174	115
9	12230	174	39
9	12230	174	1426
9	12230	174	2064
9	12230	174	200
9	12230	174	752
9	12230	174	1456
9	12230	174	2067
9	12230	174	62
9	12230	174	1703
9	12230	174	185
9	12230	174	317
9	12230	174	195
9	12230	174	372
9	12230	174	129
13	12280	174	1023
13	12280	174	7
13	12280	174	474
13	12280	174	1372
13	12280	174	847
13	12280	174	1098
13	12280	174	770
13	12280	174	39
13	12280	174	2170
13	12280	174	1441
13	12280	174	542
13	12280	174	1532
13	12280	174	752
13	12280	174	869
13	12280	174	430
13	12280	174	370
13	12280	174	2012
13	12280	174	2169
13	12280	174	6
13	12280	174	1004
13	12280	174	2065
13	12280	174	1162
13	12280	174	24
13	12280	174	2004
13	12280	174	1703
13	12280	174	2302
13	12280	174	1059
13	12280	174	520
13	12280	174	1903
13	12280	174	1039
13	12280	174	1722
13	12280	174	1168
13	12280	174	1702
13	12280	174	1110
13	12280	174	662
13	12280	174	62
13	12280	174	1845
13	12280	174	937
13	12280	174	688
13	12280	174	1286
13	12280	174	1724
13	12280	174	528
13	12280	174	1126
13	12280	174	1650
13	12280	174	1848
13	12280	174	46
13	12280	174	751
13	12280	174	1723
13	12280	174	2259
13	12280	174	1651
13	12280	174	2294
13	12280	174	1468
13	12280	174	93
13	12280	174	372
13	12280	174	1955
13	12280	174	977
13	12280	174	2131
13	12280	174	110
13	12280	174	1036
13	12280	174	1800
13	12280	174	2205
13	12280	174	1021
13	12280	174	493
13	12280	174	129
13	12280	174	159
13	12280	174	785
13	12280	174	846
13	12280	174	2141
13	12280	174	1092
13	12280	174	1585
13	12280	174	1587
13	12280	174	2090
13	12280	174	1461
13	12280	174	2207
13	12280	174	1078
13	12280	174	621
13	12280	174	1375
13	12280	174	2115
13	12280	174	1583
13	12280	174	1050
13	12280	174	1674
13	12280	174	1767
13	12280	174	1958
13	12280	174	1546
13	12280	174	1336
13	12280	174	95
13	12280	174	1987
13	12280	174	281
13	12280	174	639
13	12280	174	1146
13	12280	174	174
13	12280	174	1777
13	12280	174	607
13	12280	174	792
13	12280	174	2077
13	12280	174	648
13	12280	174	929
13	12280	174	791
13	12280	174	221
13	12280	174	924
13	12280	174	2234
13	12280	174	1120
13	12280	174	271
13	12280	174	2292
13	12280	174	1130
13	12280	174	1189
13	12280	174	953
13	12280	174	888
14	12280	224	7
14	12280	224	1387
14	12280	224	1579
14	12280	224	2174
14	12280	224	2176
14	12280	224	2186
14	12280	224	116
14	12280	224	1768
14	12280	224	1769
14	12280	224	16
14	12280	224	710
14	12280	224	6
14	12280	224	1498
14	12280	224	441
14	12280	224	960
14	12280	224	1593
14	12280	224	1786
14	12280	224	1678
14	12280	224	662
14	12280	224	110
14	12280	224	159
14	12280	224	2029
14	12280	224	2027
14	12280	224	1014
19	12330	224	710
19	12330	224	16
19	12330	224	809
19	12330	224	515
19	12330	224	1428
19	12330	224	1830
19	12330	224	441
19	12330	224	2078
19	12330	224	256
19	12330	224	116
19	12330	224	2314
19	12330	224	175
19	12330	224	902
19	12330	224	1561
19	12330	224	1613
19	12330	224	789
19	12330	224	390
19	12330	224	2287
19	12330	224	868
19	12330	224	280
19	12330	224	1218
19	12330	224	1142
19	12330	224	103
19	12330	224	12
19	12330	224	1464
19	12330	224	516
19	12330	224	1616
19	12330	224	1606
19	12330	224	1640
19	12330	224	820
19	12330	224	1229
19	12330	224	239
19	12330	224	576
19	12330	224	2041
19	12330	224	422
19	12330	224	1344
19	12330	224	444
19	12330	224	676
19	12330	224	1131
19	12330	224	882
19	12330	224	120
19	12330	224	1180
19	12330	224	418
19	12330	224	1171
19	12330	224	1309
19	12330	224	159
19	12330	224	967
19	12330	224	84
19	12330	224	447
19	12330	224	504
19	12330	224	714
19	12330	224	214
19	12330	224	126
19	12330	224	1684
19	12330	224	2214
19	12330	224	483
19	12330	224	482
19	12330	224	1954
19	12330	224	2112
19	12330	224	2243
19	12330	224	2027
19	12330	224	910
19	12330	224	795
19	12330	224	1008
19	12330	224	1486
19	12330	224	905
19	12330	224	1831
19	12330	224	1737
19	12330	224	2129
19	12330	224	1345
19	12330	224	1388
19	12330	224	1892
19	12330	224	1713
19	12330	224	1896
19	12330	224	287
19	12330	224	655
19	12330	224	1733
19	12330	224	1032
19	12330	224	1314
19	12330	224	723
19	12330	224	1816
19	12330	224	1014
19	12330	224	2124
19	12330	224	1554
19	12330	224	3
19	12330	224	601
19	12330	224	2034
19	12330	224	2119
19	12330	224	427
19	12330	224	327
19	12330	224	1591
19	12330	224	903
19	12330	224	1034
19	12330	224	1779
19	12330	224	1282
19	12330	224	382
19	12330	224	1575
19	12330	224	2069
19	12330	224	2043
19	12330	224	76
19	12330	224	2123
19	12330	224	530
19	12330	224	755
19	12330	224	2120
19	12330	224	1535
19	12330	224	1074
19	12330	224	1310
19	12330	224	724
19	12330	224	840
19	12330	224	658
19	12330	224	347
19	12330	224	1450
19	12330	224	365
19	12330	224	1297
19	12330	224	1915
19	12330	224	717
19	12330	224	1682
19	12330	224	1907
19	12330	224	345
19	12330	224	667
19	12330	224	2054
19	12330	224	254
19	12330	224	425
19	12330	224	1359
19	12330	224	782
19	12330	224	433
19	12330	224	2130
19	12330	224	2059
19	12330	224	237
19	12330	224	911
19	12330	224	1466
19	12330	224	1465
19	12330	224	606
19	12330	224	105
19	12330	224	11
19	12330	224	1009
19	12330	224	1872
19	12330	224	1930
19	12330	224	448
19	12330	224	1950
19	12330	224	705
19	12330	224	187
19	12330	224	1812
19	12330	224	362
19	12330	224	305
19	12330	224	2300
19	12330	224	1887
19	12330	224	1970
19	12330	224	763
19	12330	224	2045
19	12330	224	1978
19	12330	224	1877
19	12330	224	1319
19	12330	224	1041
19	12330	224	88
19	12330	224	1081
19	12330	224	1340
20	12330	274	16
20	12330	274	256
20	12330	274	794
20	12330	274	1762
20	12330	274	674
20	12330	274	126
20	12330	274	842
20	12330	274	3
20	12330	274	1820
20	12330	274	357
20	12330	274	2224
20	12330	274	373
20	12330	274	2086
20	12330	274	567
20	12330	274	1729
20	12330	274	497
20	12330	274	1423
20	12330	274	1815
20	12330	274	12
20	12330	274	2083
20	12330	274	1452
20	12330	274	1809
20	12330	274	882
20	12330	274	2058
20	12330	274	467
20	12330	274	35
20	12330	274	1362
20	12330	274	1486
20	12330	274	1380
20	12330	274	795
20	12330	274	727
20	12330	274	2025
26	12380	274	373
26	12380	274	582
26	12380	274	357
26	12380	274	1710
26	12380	274	546
26	12380	274	2023
26	12380	274	3
26	12380	274	2262
26	12380	274	36
26	12380	274	1452
26	12380	274	1402
26	12380	274	550
26	12380	274	1614
26	12380	274	2336
26	12380	274	1012
26	12380	274	2056
26	12380	274	1829
26	12380	274	35
26	12380	274	2079
26	12380	274	2084
26	12380	274	843
26	12380	274	538
26	12380	274	114
26	12380	274	583
26	12380	274	364
26	12380	274	740
26	12380	274	1975
26	12380	274	592
26	12380	274	753
26	12380	274	1434
26	12380	274	593
26	12380	274	922
26	12380	274	1597
26	12380	274	1499
26	12380	274	2085
26	12380	274	1801
26	12380	274	727
26	12380	274	1363
26	12380	274	1513
26	12380	274	935
26	12380	274	2122
26	12380	274	126
26	12380	274	1496
26	12380	274	944
26	12380	274	1140
26	12380	274	1969
26	12380	274	2338
26	12380	274	124
26	12380	274	2265
26	12380	274	1709
26	12380	274	1271
26	12380	274	1979
26	12380	274	756
26	12380	274	1677
26	12380	274	1750
26	12380	274	537
26	12380	274	689
26	12380	274	1472
26	12380	274	1355
26	12380	274	2006
26	12380	274	2062
26	12380	274	332
26	12380	274	367
26	12380	274	1298
26	12380	274	86
26	12380	274	68
26	12380	274	1497
26	12380	274	1360
26	12380	274	190
26	12380	274	307
26	12380	274	2117
26	12380	274	2222
26	12380	274	1567
26	12380	274	1699
26	12380	274	552
4	12180	24	121
4	12180	24	22
4	12180	24	849
4	12180	24	258
4	12180	24	2072
4	12180	24	50
4	12180	24	1913
4	12180	24	1366
4	12180	24	1251
4	12180	24	450
4	12180	24	248
4	12180	24	272
4	12180	24	1477
4	12180	24	453
4	12180	24	118
4	12180	24	971
4	12180	24	914
4	12180	24	1296
4	12180	24	1764
4	12180	24	348
4	12180	24	2210
4	12180	24	1200
4	12180	24	1602
4	12180	24	25
4	12180	24	1839
4	12180	24	4
4	12180	24	459
4	12180	24	123
4	12180	24	1959
4	12180	24	496
4	12180	24	743
4	12180	24	1894
4	12180	24	446
4	12180	24	1670
4	12180	24	1850
4	12180	24	235
4	12180	24	1068
4	12180	24	2109
4	12180	24	1053
4	12180	24	23
4	12180	24	2033
4	12180	24	1898
12	12280	124	129
12	12280	124	2141
12	12280	124	372
12	12280	124	146
12	12280	124	1987
12	12280	124	691
12	12280	124	352
12	12280	124	1317
12	12280	124	1076
12	12280	124	1735
12	12280	124	1364
12	12280	124	2037
12	12280	124	1886
12	12280	124	2038
12	12280	124	1636
12	12280	124	1635
12	12280	124	95
12	12280	124	1239
12	12280	124	477
12	12280	124	648
12	12280	124	2263
12	12280	124	683
12	12280	124	1917
12	12280	124	1603
12	12280	124	2103
12	12280	124	1
12	12280	124	1188
12	12280	124	1013
12	12280	124	33
12	12280	124	1985
12	12280	124	827
12	12280	124	2266
12	12280	124	2087
12	12280	124	1120
12	12280	124	1960
12	12280	124	24
12	12280	124	1626
12	12280	124	575
12	12280	124	953
12	12280	124	330
12	12280	124	2161
12	12280	124	349
12	12280	124	1395
12	12280	124	221
12	12280	124	1241
12	12280	124	470
12	12280	124	112
12	12280	124	253
12	12280	124	595
12	12280	124	2289
12	12280	124	888
12	12280	124	1963
12	12280	124	982
12	12280	124	1541
12	12280	124	1243
12	12280	124	1478
12	12280	124	396
12	12280	124	1483
12	12280	124	476
12	12280	124	2150
12	12280	124	9
12	12280	124	548
12	12280	124	636
12	12280	124	2036
12	12280	124	1586
12	12280	124	236
12	12280	124	1889
12	12280	124	405
12	12280	124	380
12	12280	124	1885
12	12280	124	153
12	12280	124	161
12	12280	124	1294
12	12280	124	1559
12	12280	124	1383
12	12280	124	2286
12	12280	124	92
12	12280	124	2267
12	12280	124	426
12	12280	124	1487
12	12280	124	17
12	12280	124	1240
12	12280	124	1195
12	12280	124	941
12	12280	124	1324
12	12280	124	417
12	12280	124	1234
12	12280	124	635
12	12280	124	494
12	12280	124	1184
12	12280	124	1150
12	12280	124	908
12	12280	124	4
12	12280	124	45
12	12280	124	1594
25	12380	224	126
25	12380	224	1575
25	12380	224	3
25	12380	224	124
25	12380	224	689
25	12380	224	698
25	12380	224	347
25	12380	224	12
25	12380	224	367
25	12380	224	1682
25	12380	224	11
25	12380	224	668
25	12380	224	587
25	12380	224	1783
25	12380	224	2060
25	12380	224	1025
25	12380	224	1668
25	12380	224	68
25	12380	224	2352
25	12380	224	492
25	12380	224	289
25	12380	224	86
25	12380	224	105
25	12380	224	1740
25	12380	224	1350
25	12380	224	549
25	12380	224	2018
25	12380	224	377
25	12380	224	1506
25	12380	224	2198
25	12380	224	511
25	12380	224	448
25	12380	224	1696
25	12380	224	774
25	12380	224	241
25	12380	224	2140
25	12380	224	88
25	12380	224	2269
25	12380	224	1181
25	12380	224	552
25	12380	224	2052
25	12380	224	143
25	12380	224	1754
25	12380	224	1030
25	12380	224	2116
25	12380	224	109
25	12380	224	34
25	12380	224	1341
25	12380	224	1252
25	12380	224	1600
25	12380	224	1705
25	12380	224	682
25	12380	224	798
25	12380	224	957
25	12380	224	1047
25	12380	224	325
25	12380	224	1213
25	12380	224	573
25	12380	224	163
25	12380	224	1510
25	12380	224	1148
25	12380	224	167
10	12230	74	490
10	12230	74	136
10	12230	74	85
10	12230	74	857
10	12230	74	308
10	12230	74	119
10	12230	74	138
10	12230	74	261
10	12230	74	33
10	12230	74	354
10	12230	74	1391
10	12230	74	999
10	12230	74	1453
10	12230	74	169
10	12230	74	1123
10	12230	74	2185
10	12230	74	48
10	12230	74	2184
10	12230	74	1237
10	12230	74	118
10	12230	74	652
10	12230	74	2215
10	12230	74	830
10	12230	74	1711
10	12230	74	5
10	12230	74	660
10	12230	74	1
10	12230	74	123
10	12230	74	1186
10	12230	74	1137
10	12230	74	227
10	12230	74	253
10	12230	74	2284
10	12230	74	1736
10	12230	74	4
10	12230	74	1480
10	12230	74	1784
10	12230	74	1982
10	12230	74	1119
10	12230	74	2252
10	12230	74	1590
10	12230	74	173
10	12230	74	900
10	12230	74	182
10	12230	74	192
18	12330	174	159
18	12330	174	903
18	12330	174	110
18	12330	174	6
18	12330	174	76
18	12330	174	958
18	12330	174	610
18	12330	174	174
18	12330	174	1096
18	12330	174	813
18	12330	174	892
18	12330	174	1077
18	12330	174	607
18	12330	174	1198
18	12330	174	2200
18	12330	174	1165
18	12330	174	1520
18	12330	174	1009
18	12330	174	1844
18	12330	174	216
18	12330	174	1432
18	12330	174	609
18	12330	174	425
18	12330	174	97
18	12330	174	687
18	12330	174	1557
18	12330	174	1582
18	12330	174	1802
18	12330	174	187
18	12330	174	1446
18	12330	174	1429
18	12330	174	2055
18	12330	174	221
18	12330	174	594
18	12330	174	1203
18	12330	174	1875
18	12330	174	362
18	12330	174	1292
18	12330	174	2093
18	12330	174	796
18	12330	174	1404
18	12330	174	89
18	12330	174	817
18	12330	174	1000
18	12330	174	983
18	12330	174	1327
18	12330	174	305
18	12330	174	1574
18	12330	174	1731
18	12330	174	1063
18	12330	174	864
18	12330	174	480
18	12330	174	342
18	12330	174	88
18	12330	174	2063
18	12330	174	2048
18	12330	174	2230
18	12330	174	1525
18	12330	174	912
18	12330	174	1249
18	12330	174	335
18	12330	174	568
18	12330	174	160
18	12330	174	508
18	12330	174	1155
18	12330	174	2009
18	12330	174	2326
18	12330	174	1225
18	12330	174	147
18	12330	174	1303
18	12330	174	1338
18	12330	174	1719
18	12330	174	554
18	12330	174	647
18	12330	174	1275
18	12330	174	2028
18	12330	174	1325
18	12330	174	803
18	12330	174	901
18	12330	174	1981
18	12330	174	1003
18	12330	174	1922
18	12330	174	762
18	12330	174	292
18	12330	174	1566
18	12330	174	2137
18	12330	174	1051
18	12330	174	1615
18	12330	174	2057
18	12330	174	484
18	12330	174	628
18	12330	174	328
18	12330	174	1066
18	12330	174	2293
18	12330	174	1028
18	12330	174	836
18	12330	174	1861
18	12330	174	18
18	12330	174	384
18	12330	174	419
18	12330	174	1264
18	12330	174	1741
18	12330	174	21
18	12330	174	1734
18	12330	174	1420
7	12230	24	25
7	12230	24	4
7	12230	24	227
7	12230	24	1214
7	12230	24	743
7	12230	24	1542
7	12230	24	182
7	12230	24	2109
7	12230	24	800
7	12230	24	642
7	12230	24	1850
7	12230	24	192
7	12230	24	23
7	12230	24	134
7	12230	24	972
7	12230	24	1700
7	12230	24	1932
7	12230	24	919
7	12230	24	269
7	12230	24	1170
7	12230	24	2255
7	12230	24	1953
7	12230	24	1250
7	12230	24	1290
7	12230	24	1315
7	12230	24	735
7	12230	24	275
7	12230	24	434
7	12230	24	1101
15	12280	74	253
15	12280	74	982
15	12280	74	1
15	12280	74	1119
15	12280	74	715
15	12280	74	173
15	12280	74	310
15	12280	74	164
15	12280	74	45
15	12280	74	2160
15	12280	74	122
15	12280	74	760
15	12280	74	299
15	12280	74	479
15	12280	74	1332
15	12280	74	4
15	12280	74	2268
15	12280	74	1881
15	12280	74	1883
15	12280	74	1204
15	12280	74	1377
15	12280	74	180
15	12280	74	171
15	12280	74	460
15	12280	74	1999
15	12280	74	1798
15	12280	74	90
15	12280	74	1974
15	12280	74	779
15	12280	74	1196
15	12280	74	1511
15	12280	74	1977
15	12280	74	992
15	12280	74	476
15	12280	74	1485
15	12280	74	494
15	12280	74	192
15	12280	74	274
15	12280	74	747
15	12280	74	403
15	12280	74	771
15	12280	74	1493
15	12280	74	1199
15	12280	74	2149
15	12280	74	1018
15	12280	74	1571
15	12280	74	1852
15	12280	74	1265
15	12280	74	1509
15	12280	74	301
15	12280	74	1505
15	12280	74	1424
15	12280	74	2082
15	12280	74	2197
15	12280	74	1996
15	12280	74	1619
15	12280	74	2195
15	12280	74	2071
15	12280	74	472
15	12280	74	1033
15	12280	74	805
15	12280	74	1306
15	12280	74	2020
15	12280	74	556
15	12280	74	1507
15	12280	74	696
15	12280	74	1194
15	12280	74	1354
15	12280	74	622
15	12280	74	1940
15	12280	74	626
15	12280	74	1060
15	12280	74	2199
15	12280	74	2076
15	12280	74	571
15	12280	74	23
15	12280	74	969
15	12280	74	536
15	12280	74	788
15	12280	74	2153
15	12280	74	624
15	12280	74	454
15	12280	74	1347
17	12330	124	221
17	12330	124	1
17	12330	124	335
17	12330	124	6
17	12330	124	476
17	12330	124	9
17	12330	124	1865
17	12330	124	2201
17	12330	124	1873
17	12330	124	1225
17	12330	124	2108
17	12330	124	1421
17	12330	124	554
17	12330	124	426
17	12330	124	1856
17	12330	124	1471
17	12330	124	89
17	12330	124	1849
17	12330	124	585
17	12330	124	366
17	12330	124	987
17	12330	124	1277
17	12330	124	1118
17	12330	124	193
17	12330	124	132
17	12330	124	18
17	12330	124	1150
17	12330	124	17
17	12330	124	419
17	12330	124	2203
17	12330	124	1448
17	12330	124	4
17	12330	124	1734
17	12330	124	2152
17	12330	124	1420
17	12330	124	196
17	12330	124	78
17	12330	124	1780
17	12330	124	989
17	12330	124	231
17	12330	124	1117
17	12330	124	1558
17	12330	124	1846
17	12330	124	176
17	12330	124	993
17	12330	124	1540
17	12330	124	787
17	12330	124	773
17	12330	124	1878
17	12330	124	43
17	12330	124	786
17	12330	124	925
17	12330	124	1193
17	12330	124	831
17	12330	124	2241
17	12330	124	1738
17	12330	124	2005
17	12330	124	1127
17	12330	124	1952
17	12330	124	40
17	12330	124	1508
17	12330	124	807
17	12330	124	1906
17	12330	124	1853
17	12330	124	1937
17	12330	124	757
17	12330	124	997
17	12330	124	1739
24	12380	174	88
24	12380	174	76
24	12380	174	1501
24	12380	174	34
24	12380	174	241
24	12380	174	89
24	12380	174	798
24	12380	174	296
24	12380	174	957
24	12380	174	1866
24	12380	174	527
24	12380	174	1928
24	12380	174	168
24	12380	174	316
24	12380	174	1500
24	12380	174	749
24	12380	174	163
24	12380	174	1082
24	12380	174	871
24	12380	174	1502
24	12380	174	2163
24	12380	174	109
24	12380	174	302
24	12380	174	1811
24	12380	174	1304
24	12380	174	86
24	12380	174	2293
24	12380	174	199
24	12380	174	697
24	12380	174	18
24	12380	174	1642
24	12380	174	167
24	12380	174	1148
24	12380	174	590
24	12380	174	2297
24	12380	174	2242
24	12380	174	1106
24	12380	174	1161
24	12380	174	1609
24	12380	174	653
24	12380	174	2296
24	12380	174	1167
24	12380	174	1623
24	12380	174	2274
24	12380	174	1436
24	12380	174	916
24	12380	174	573
24	12380	174	2328
24	12380	174	339
24	12380	174	2275
24	12380	174	720
24	12380	174	1422
24	12380	174	1748
24	12380	174	1103
24	12380	174	1742
24	12380	174	498
24	12380	174	415
24	12380	174	2291
24	12380	174	201
24	12380	174	1334
24	12380	174	1475
24	12380	174	806
24	12380	174	866
24	12380	174	487
24	12380	174	83
24	12380	174	404
24	12380	174	435
24	12380	174	1134
24	12380	174	1065
24	12380	174	1503
24	12380	174	488
24	12380	174	400
24	12380	174	212
24	12380	174	73
24	12380	174	707
24	12380	174	1152
24	12380	174	927
31	12430	224	552
31	12430	224	86
31	12430	224	495
31	12430	224	109
31	12430	224	2211
31	12430	224	2191
31	12430	224	30
31	12430	224	54
31	12430	224	1897
31	12430	224	573
31	12430	224	1522
31	12430	224	1489
31	12430	224	1182
31	12430	224	555
31	12430	224	517
31	12430	224	1984
31	12430	224	167
31	12430	224	867
31	12430	224	223
31	12430	224	1890
31	12430	224	286
31	12430	224	1961
31	12430	224	2282
31	12430	224	562
31	12430	224	580
31	12430	224	1818
31	12430	224	1895
31	12430	224	1823
31	12430	224	1147
31	12430	224	1983
31	12430	224	1744
31	12430	224	172
31	12430	224	2017
31	12430	224	921
31	12430	224	1287
31	12430	224	323
31	12430	224	775
31	12430	224	1169
11	12280	24	4
11	12280	24	192
11	12280	24	403
11	12280	24	23
11	12280	24	301
11	12280	24	275
11	12280	24	1644
11	12280	24	626
11	12280	24	74
11	12280	24	1939
11	12280	24	1938
11	12280	24	942
11	12280	24	1090
11	12280	24	249
11	12280	24	1444
11	12280	24	805
11	12280	24	1267
11	12280	24	454
11	12280	24	1176
11	12280	24	661
11	12280	24	1347
11	12280	24	1016
11	12280	24	273
11	12280	24	961
11	12280	24	948
11	12280	24	2232
11	12280	24	14
11	12280	24	1857
11	12280	24	117
11	12280	24	1145
11	12280	24	1173
11	12280	24	732
23	12380	124	18
23	12380	124	176
23	12380	124	955
23	12380	124	1279
23	12380	124	680
23	12380	124	685
23	12380	124	2173
23	12380	124	109
23	12380	124	43
23	12380	124	1529
23	12380	124	1726
23	12380	124	4
23	12380	124	83
23	12380	124	1551
23	12380	124	862
23	12380	124	952
23	12380	124	1108
23	12380	124	1788
23	12380	124	1625
23	12380	124	899
23	12380	124	1261
23	12380	124	1080
23	12380	124	572
23	12380	124	1370
23	12380	124	913
23	12380	124	2157
23	12380	124	191
23	12380	124	973
23	12380	124	2347
23	12380	124	854
23	12380	124	2227
23	12380	124	1311
23	12380	124	695
23	12380	124	2039
23	12380	124	457
23	12380	124	356
23	12380	124	754
23	12380	124	1515
23	12380	124	458
23	12380	124	1413
23	12380	124	623
23	12380	124	40
23	12380	124	73
23	12380	124	466
23	12380	124	1871
23	12380	124	2007
23	12380	124	186
23	12380	124	1414
23	12380	124	306
23	12380	124	964
23	12380	124	1792
23	12380	124	212
23	12380	124	1138
23	12380	124	707
23	12380	124	1301
23	12380	124	2331
23	12380	124	1572
23	12380	124	276
23	12380	124	2168
23	12380	124	101
23	12380	124	826
23	12380	124	2332
23	12380	124	238
23	12380	124	2318
23	12380	124	1026
23	12380	124	927
23	12380	124	657
23	12380	124	765
23	12380	124	1941
23	12380	124	1109
23	12380	124	1416
23	12380	124	188
23	12380	124	1687
23	12380	124	170
23	12380	124	1746
23	12380	124	940
23	12380	124	424
23	12380	124	521
23	12380	124	334
23	12380	124	1632
23	12380	124	423
23	12380	124	1017
23	12380	124	1260
23	12380	124	383
23	12380	124	360
23	12380	124	63
23	12380	124	1770
23	12380	124	2250
23	12380	124	98
23	12380	124	206
23	12380	124	1410
23	12380	124	79
23	12380	124	1655
23	12380	124	544
23	12380	124	659
23	12380	124	1841
23	12380	124	1658
23	12380	124	1547
23	12380	124	1840
23	12380	124	599
23	12380	124	1089
23	12380	124	1656
23	12380	124	32
23	12380	124	909
23	12380	124	976
21	12330	74	4
21	12330	74	45
21	12330	74	1117
21	12330	74	993
21	12330	74	1671
21	12330	74	1043
21	12330	74	1556
21	12330	74	1549
21	12330	74	476
21	12330	74	1998
21	12330	74	1997
21	12330	74	278
21	12330	74	1531
21	12330	74	773
21	12330	74	1356
21	12330	74	2136
21	12330	74	1573
21	12330	74	152
21	12330	74	338
21	12330	74	1825
21	12330	74	1405
21	12330	74	1929
21	12330	74	1358
21	12330	74	1206
21	12330	74	951
21	12330	74	571
21	12330	74	1797
21	12330	74	1945
21	12330	74	2223
21	12330	74	1179
21	12330	74	831
21	12330	74	788
21	12330	74	1943
21	12330	74	1006
21	12330	74	2196
21	12330	74	1934
21	12330	74	624
21	12330	74	829
21	12330	74	2240
21	12330	74	1352
21	12330	74	1164
21	12330	74	759
21	12330	74	1918
21	12330	74	454
21	12330	74	1512
21	12330	74	343
21	12330	74	1038
21	12330	74	266
21	12330	74	1808
21	12330	74	848
21	12330	74	40
21	12330	74	748
21	12330	74	745
21	12330	74	570
21	12330	74	1347
21	12330	74	1966
21	12330	74	2053
21	12330	74	2106
21	12330	74	162
21	12330	74	409
21	12330	74	1019
21	12330	74	1002
21	12330	74	1683
21	12330	74	1986
21	12330	74	734
21	12330	74	644
21	12330	74	1685
21	12330	74	478
21	12330	74	2051
21	12330	74	1836
21	12330	74	522
21	12330	74	1280
21	12330	74	1550
21	12330	74	452
21	12330	74	915
21	12330	74	55
21	12330	74	1686
21	12330	74	673
21	12330	74	1689
21	12330	74	70
21	12330	74	262
21	12330	74	1627
21	12330	74	2013
21	12330	74	2142
21	12330	74	1040
21	12330	74	326
21	12330	74	1183
21	12330	74	737
21	12330	74	2046
21	12330	74	41
21	12330	74	1255
21	12330	74	49
21	12330	74	1283
21	12330	74	783
21	12330	74	1220
21	12330	74	1868
30	12430	174	573
30	12430	174	167
30	12430	174	109
30	12430	174	286
30	12430	174	1504
30	12430	174	404
30	12430	174	580
30	12430	174	82
30	12430	174	1451
30	12430	174	488
30	12430	174	1796
30	12430	174	1454
30	12430	174	921
30	12430	174	553
30	12430	174	400
30	12430	174	920
30	12430	174	1129
30	12430	174	371
30	12430	174	203
30	12430	174	1519
30	12430	174	212
30	12430	174	1663
30	12430	174	1144
30	12430	174	172
30	12430	174	2295
30	12430	174	1538
30	12430	174	2000
30	12430	174	315
30	12430	174	2151
30	12430	174	220
30	12430	174	1299
30	12430	174	1794
30	12430	174	188
30	12430	174	581
30	12430	174	707
30	12430	174	988
30	12430	174	131
30	12430	174	2166
30	12430	174	841
30	12430	174	2339
30	12430	174	265
30	12430	174	2327
30	12430	174	2343
30	12430	174	2272
30	12430	174	270
30	12430	174	413
30	12430	174	189
30	12430	174	742
30	12430	174	1598
30	12430	174	1766
30	12430	174	815
30	12430	174	975
30	12430	174	1057
30	12430	174	1228
30	12430	174	81
30	12430	174	764
30	12430	174	947
30	12430	174	225
30	12430	174	392
30	12430	174	51
30	12430	174	1647
16	12330	24	4
16	12330	24	1347
16	12330	24	2075
16	12330	24	409
16	12330	24	1926
16	12330	24	40
16	12330	24	14
16	12330	24	55
16	12330	24	926
16	12330	24	77
16	12330	24	2319
16	12330	24	650
16	12330	24	117
16	12330	24	2245
16	12330	24	2334
16	12330	24	539
16	12330	24	398
16	12330	24	1688
16	12330	24	2323
16	12330	24	2013
16	12330	24	643
16	12330	24	2233
16	12330	24	322
16	12330	24	1669
16	12330	24	463
16	12330	24	481
16	12330	24	856
16	12330	24	2322
16	12330	24	1011
16	12330	24	2126
16	12330	24	1207
16	12330	24	49
16	12330	24	2244
16	12330	24	1804
16	12330	24	2068
16	12330	24	1756
16	12330	24	651
16	12330	24	1622
16	12330	24	677
16	12330	24	1185
16	12330	24	41
16	12330	24	832
16	12330	24	1105
16	12330	24	1407
16	12330	24	1621
16	12330	24	1526
16	12330	24	461
16	12330	24	2104
16	12330	24	1706
16	12330	24	923
16	12330	24	2276
16	12330	24	2011
16	12330	24	713
16	12330	24	75
16	12330	24	2100
16	12330	24	294
16	12330	24	906
16	12330	24	1112
16	12330	24	156
16	12330	24	1104
27	12380	74	4
27	12380	74	40
27	12380	74	186
27	12380	74	1697
27	12380	74	1005
27	12380	74	734
27	12380	74	1660
27	12380	74	1690
27	12380	74	478
27	12380	74	2172
27	12380	74	170
27	12380	74	226
27	12380	74	894
27	12380	74	1617
27	12380	74	1313
27	12380	74	276
27	12380	74	70
27	12380	74	1775
27	12380	74	2285
27	12380	74	598
27	12380	74	2260
27	12380	74	420
27	12380	74	1302
27	12380	74	1374
27	12380	74	681
27	12380	74	213
27	12380	74	406
27	12380	74	1874
27	12380	74	326
27	12380	74	641
27	12380	74	612
27	12380	74	2080
27	12380	74	381
27	12380	74	1283
27	12380	74	344
27	12380	74	79
27	12380	74	783
27	12380	74	13
27	12380	74	2239
27	12380	74	414
27	12380	74	55
27	12380	74	859
27	12380	74	2099
27	12380	74	2278
27	12380	74	1070
27	12380	74	1401
27	12380	74	1772
27	12380	74	711
27	12380	74	966
27	12380	74	1381
27	12380	74	1247
27	12380	74	664
27	12380	74	41
27	12380	74	1637
27	12380	74	808
27	12380	74	468
27	12380	74	2316
27	12380	74	816
27	12380	74	936
27	12380	74	505
27	12380	74	2098
27	12380	74	2313
27	12380	74	31
27	12380	74	443
27	12380	74	2171
27	12380	74	1771
27	12380	74	1219
27	12380	74	1654
27	12380	74	1343
27	12380	74	1263
27	12380	74	2113
27	12380	74	222
27	12380	74	889
27	12380	74	2283
27	12380	74	2096
27	12380	74	1681
27	12380	74	1128
27	12380	74	2102
27	12380	74	963
27	12380	74	1222
27	12380	74	739
27	12380	74	1262
27	12380	74	1291
27	12380	74	1067
27	12380	74	814
27	12380	74	128
27	12380	74	543
27	12380	74	1406
29	12430	124	927
29	12430	124	188
29	12430	124	950
29	12430	124	707
29	12430	124	334
29	12430	124	276
29	12430	124	131
29	12430	124	73
29	12430	124	2094
29	12430	124	59
29	12430	124	2315
29	12430	124	2148
29	12430	124	1813
29	12430	124	1113
29	12430	124	139
29	12430	124	815
29	12430	124	383
29	12430	124	1972
29	12430	124	1653
29	12430	124	1521
29	12430	124	1819
29	12430	124	98
29	12430	124	558
29	12430	124	1835
29	12430	124	1492
29	12430	124	130
29	12430	124	559
29	12430	124	189
29	12430	124	1242
29	12430	124	210
29	12430	124	225
29	12430	124	1495
29	12430	124	1568
29	12430	124	32
29	12430	124	976
29	12430	124	2134
29	12430	124	2325
29	12430	124	51
29	12430	124	1373
29	12430	124	1052
29	12430	124	1647
29	12430	124	529
29	12430	124	485
29	12430	124	974
29	12430	124	1116
29	12430	124	252
29	12430	124	1385
29	12430	124	2231
29	12430	124	1115
29	12430	124	1860
29	12430	124	462
29	12430	124	2114
29	12430	124	557
29	12430	124	469
29	12430	124	1257
29	12430	124	886
29	12430	124	709
29	12430	124	731
29	12430	124	2095
29	12430	124	2329
29	12430	124	675
29	12430	124	1379
29	12430	124	337
29	12430	124	2107
29	12430	124	1149
29	12430	124	177
29	12430	124	1046
29	12430	124	224
29	12430	124	545
29	12430	124	1821
29	12430	124	341
29	12430	124	333
29	12430	124	1490
29	12430	124	2264
29	12430	124	600
29	12430	124	1463
35	12480	174	172
35	12480	174	230
35	12480	174	1842
35	12480	174	877
35	12480	174	183
35	12480	174	109
35	12480	174	270
35	12480	174	87
35	12480	174	975
35	12480	174	802
35	12480	174	2135
35	12480	174	81
35	12480	174	1393
35	12480	174	51
35	12480	174	2213
35	12480	174	897
35	12480	174	883
35	12480	174	812
35	12480	174	2248
35	12480	174	506
35	12480	174	1904
35	12480	174	1601
35	12480	174	1136
35	12480	174	94
35	12480	174	865
35	12480	174	251
35	12480	174	2132
35	12480	174	1524
35	12480	174	835
22	12380	24	41
22	12380	24	49
22	12380	24	70
22	12380	24	2011
22	12380	24	55
22	12380	24	1343
22	12380	24	443
22	12380	24	713
22	12380	24	2310
22	12380	24	75
22	12380	24	1095
22	12380	24	1837
22	12380	24	344
22	12380	24	1648
22	12380	24	226
22	12380	24	1291
22	12380	24	294
22	12380	24	2040
22	12380	24	1246
22	12380	24	814
22	12380	24	1128
22	12380	24	906
22	12380	24	156
22	12380	24	436
22	12380	24	247
22	12380	24	1175
22	12380	24	204
22	12380	24	295
22	12380	24	637
22	12380	24	393
22	12380	24	1921
22	12380	24	69
22	12380	24	904
22	12380	24	1054
22	12380	24	350
22	12380	24	26
22	12380	24	113
22	12380	24	107
22	12380	24	1392
22	12380	24	312
22	12380	24	1980
22	12380	24	209
22	12380	24	449
22	12380	24	591
22	12380	24	375
22	12380	24	2344
34	12480	124	51
34	12480	124	1647
34	12480	124	139
34	12480	124	883
34	12480	124	1079
34	12480	124	1601
34	12480	124	2330
34	12480	124	865
34	12480	124	319
34	12480	124	2019
34	12480	124	1833
34	12480	124	1457
34	12480	124	2273
34	12480	124	551
34	12480	124	1233
34	12480	124	630
34	12480	124	251
34	12480	124	731
34	12480	124	177
34	12480	124	412
34	12480	124	94
34	12480	124	2280
34	12480	124	768
34	12480	124	1097
34	12480	124	341
34	12480	124	2047
34	12480	124	835
34	12480	124	250
34	12480	124	1763
34	12480	124	1743
34	12480	124	298
34	12480	124	1045
34	12480	124	1463
34	12480	124	825
34	12480	124	1419
34	12480	124	1244
34	12480	124	1288
34	12480	124	531
34	12480	124	184
34	12480	124	845
34	12480	124	1576
34	12480	124	1469
34	12480	124	560
34	12480	124	1133
34	12480	124	331
34	12480	124	166
34	12480	124	1121
34	12480	124	1075
34	12480	124	1564
34	12480	124	1714
34	12480	124	20
34	12480	124	455
34	12480	124	1333
34	12480	124	38
34	12480	124	411
34	12480	124	716
34	12480	124	288
34	12480	124	2156
34	12480	124	1330
32	12430	74	276
32	12430	74	32
32	12430	74	79
32	12430	74	2317
32	12430	74	431
32	12430	74	1657
32	12430	74	1925
32	12430	74	252
32	12430	74	2192
32	12430	74	98
32	12430	74	529
32	12430	74	1015
32	12430	74	558
32	12430	74	222
32	12430	74	151
32	12430	74	1408
32	12430	74	1328
32	12430	74	358
32	12430	74	704
32	12430	74	1217
32	12430	74	886
32	12430	74	211
32	12430	74	709
32	12430	74	128
32	12430	74	1044
32	12430	74	1707
32	12430	74	2311
32	12430	74	224
32	12430	74	226
32	12430	74	855
32	12430	74	341
32	12430	74	1128
32	12430	74	1062
32	12430	74	545
32	12430	74	2301
32	12430	74	1793
32	12430	74	70
32	12430	74	2209
32	12430	74	165
32	12430	74	1139
32	12430	74	828
32	12430	74	600
32	12430	74	1530
32	12430	74	2187
32	12430	74	391
32	12430	74	260
32	12430	74	1548
32	12430	74	1437
32	12430	74	2249
32	12430	74	399
32	12430	74	1665
32	12430	74	851
32	12430	74	1832
32	12430	74	359
32	12430	74	439
32	12430	74	1666
32	12430	74	979
32	12430	74	158
32	12430	74	215
32	12430	74	1643
32	12430	74	981
32	12430	74	2133
32	12430	74	532
32	12430	74	1093
32	12430	74	374
32	12430	74	2216
32	12430	74	949
32	12430	74	1058
32	12430	74	324
32	12430	74	2261
32	12430	74	1946
32	12430	74	1773
32	12430	74	1592
32	12430	74	47
32	12430	74	518
32	12430	74	1562
32	12430	74	1919
32	12430	74	1675
32	12430	74	421
32	12430	74	1673
32	12430	74	2218
32	12430	74	2270
32	12430	74	991
32	12430	74	2154
32	12430	74	2010
32	12430	74	1071
28	12430	24	70
28	12430	24	1128
28	12430	24	733
28	12430	24	439
28	12430	24	204
28	12430	24	399
28	12430	24	397
28	12430	24	1973
28	12430	24	1273
28	12430	24	107
28	12430	24	672
28	12430	24	702
28	12430	24	1516
28	12430	24	135
28	12430	24	1293
28	12430	24	616
28	12430	24	47
28	12430	24	2158
28	12430	24	1484
28	12430	24	1624
28	12430	24	312
28	12430	24	777
28	12430	24	1071
28	12430	24	1638
28	12430	24	1396
28	12430	24	1235
28	12430	24	1618
28	12430	24	1427
28	12430	24	386
28	12430	24	890
28	12430	24	1305
28	12430	24	2105
28	12430	24	804
28	12430	24	142
28	12430	24	456
28	12430	24	1634
28	12430	24	684
28	12430	24	818
28	12430	24	1781
28	12430	24	2251
28	12430	24	1694
28	12430	24	1300
28	12430	24	2070
36	12480	74	341
36	12480	74	260
36	12480	74	1308
36	12480	74	177
36	12480	74	215
36	12480	74	20
36	12480	74	1329
36	12480	74	1834
36	12480	74	578
36	12480	74	1346
36	12480	74	949
36	12480	74	811
36	12480	74	603
36	12480	74	2221
36	12480	74	311
36	12480	74	1612
36	12480	74	298
36	12480	74	324
36	12480	74	1215
36	12480	74	533
36	12480	74	1331
36	12480	74	2309
36	12480	74	455
36	12480	74	28
36	12480	74	38
36	12480	74	666
36	12480	74	1795
36	12480	74	834
36	12480	74	1289
36	12480	74	1022
36	12480	74	243
36	12480	74	518
36	12480	74	47
36	12480	74	1151
36	12480	74	1785
36	12480	74	510
36	12480	74	1232
36	12480	74	363
36	12480	74	2217
36	12480	74	1578
36	12480	74	246
36	12480	74	318
36	12480	74	1776
36	12480	74	793
36	12480	74	703
36	12480	74	597
36	12480	74	1691
36	12480	74	509
36	12480	74	716
36	12480	74	1231
36	12480	74	1727
36	12480	74	719
36	12480	74	1827
36	12480	74	2155
36	12480	74	1192
36	12480	74	1476
36	12480	74	930
36	12480	74	439
36	12480	74	1035
36	12480	74	1799
36	12480	74	70
36	12480	74	2298
36	12480	74	72
36	12480	74	60
36	12480	74	1633
36	12480	74	1870
36	12480	74	767
36	12480	74	1268
36	12480	74	1447
36	12480	74	1652
36	12480	74	2042
36	12480	74	1470
36	12480	74	1563
36	12480	74	2208
36	12480	74	1869
36	12480	74	1425
36	12480	74	2074
36	12480	74	844
36	12480	74	1384
36	12480	74	1720
36	12480	74	761
36	12480	74	781
36	12480	74	686
36	12480	74	42
36	12480	74	205
36	12480	74	1132
36	12480	74	780
36	12480	74	1692
36	12480	74	1270
36	12480	74	1584
36	12480	74	2165
36	12480	74	769
36	12480	74	858
36	12480	74	1805
36	12480	74	563
36	12480	74	1197
36	12480	74	2021
36	12480	74	852
36	12480	74	1641
36	12480	74	959
36	12480	74	1455
36	12480	74	1965
36	12480	74	277
36	12480	74	29
36	12480	74	1967
36	12480	74	145
36	12480	74	1893
36	12480	74	491
36	12480	74	2225
36	12480	74	1807
36	12480	74	1920
36	12480	74	499
36	12480	74	1272
36	12480	74	1042
36	12480	74	613
36	12480	74	998
36	12480	74	1224
36	12480	74	2138
36	12480	74	1858
36	12480	74	1072
36	12480	74	738
36	12480	74	1646
36	12480	74	656
36	12480	74	2236
38	12530	124	51
38	12530	124	1419
38	12530	124	560
38	12530	124	42
38	12530	124	1121
38	12530	124	1230
38	12530	124	2015
38	12530	124	411
38	12530	124	353
38	12530	124	288
38	12530	124	2333
38	12530	124	177
38	12530	124	2088
38	12530	124	1027
38	12530	124	776
38	12530	124	284
38	12530	124	20
38	12530	124	2226
38	12530	124	154
38	12530	124	1369
38	12530	124	1353
38	12530	124	198
38	12530	124	2159
38	12530	124	285
38	12530	124	340
38	12530	124	726
38	12530	124	2189
38	12530	124	1368
38	12530	124	604
38	12530	124	2188
38	12530	124	1210
38	12530	124	928
38	12530	124	2206
38	12530	124	1269
38	12530	124	1676
38	12530	124	1403
38	12530	124	1902
38	12530	124	503
38	12530	124	402
38	12530	124	1122
38	12530	124	96
38	12530	124	850
33	12480	24	70
33	12480	24	72
33	12480	24	439
33	12480	24	100
33	12480	24	205
33	12480	24	314
33	12480	24	1094
33	12480	24	617
33	12480	24	1357
33	12480	24	2097
33	12480	24	561
33	12480	24	1158
33	12480	24	1843
33	12480	24	15
33	12480	24	1386
33	12480	24	1935
33	12480	24	1847
33	12480	24	102
33	12480	24	207
33	12480	24	860
33	12480	24	142
33	12480	24	918
33	12480	24	145
33	12480	24	2061
33	12480	24	2219
33	12480	24	932
33	12480	24	1730
33	12480	24	1964
33	12480	24	1814
33	12480	24	596
33	12480	24	2281
33	12480	24	157
33	12480	24	2349
33	12480	24	1157
33	12480	24	1042
33	12480	24	1072
33	12480	24	526
33	12480	24	968
33	12480	24	1599
33	12480	24	1806
33	12480	24	1056
33	12480	24	2022
33	12480	24	29
33	12480	24	502
33	12480	24	853
33	12480	24	1007
33	12480	24	565
33	12480	24	2194
33	12480	24	1745
33	12480	24	2190
33	12480	24	1474
33	12480	24	1221
33	12480	24	111
33	12480	24	1010
33	12480	24	242
33	12480	24	1335
33	12480	24	336
33	12480	24	1020
33	12480	24	178
33	12480	24	1312
33	12480	24	1178
33	12480	24	149
33	12480	24	1125
33	12480	24	1758
33	12480	24	489
33	12480	24	80
33	12480	24	632
33	12480	24	155
33	12480	24	385
33	12480	24	1415
39	12530	74	20
39	12530	74	1281
39	12530	74	38
39	12530	74	244
39	12530	74	42
39	12530	74	284
39	12530	74	51
39	12530	74	870
39	12530	74	2320
39	12530	74	1473
39	12530	74	1942
39	12530	74	1899
39	12530	74	1278
39	12530	74	320
39	12530	74	1266
39	12530	74	29
39	12530	74	2257
39	12530	74	96
39	12530	74	351
39	12530	74	145
39	12530	74	1539
39	12530	74	746
39	12530	74	611
39	12530	74	1901
39	12530	74	850
39	12530	74	141
39	12530	74	99
39	12530	74	656
39	12530	74	838
39	12530	74	2238
39	12530	74	884
39	12530	74	72
39	12530	74	37
39	12530	74	432
39	12530	74	790
39	12530	74	1534
39	12530	74	875
39	12530	74	1607
39	12530	74	304
39	12530	74	1859
39	12530	74	1751
39	12530	74	1760
39	12530	74	2121
39	12530	74	1445
39	12530	74	2246
39	12530	74	2202
39	12530	74	2346
39	12530	74	401
39	12530	74	228
39	12530	74	799
39	12530	74	1433
39	12530	74	1048
39	12530	74	19
37	12530	24	29
37	12530	24	1007
37	12530	24	99
37	12530	24	2235
37	12530	24	1605
37	12530	24	1749
37	12530	24	197
37	12530	24	1031
37	12530	24	72
37	12530	24	475
37	12530	24	1751
37	12530	24	1411
37	12530	24	67
37	12530	24	242
37	12530	24	1049
37	12530	24	1258
37	12530	24	37
37	12530	24	1312
37	12530	24	149
37	12530	24	995
37	12530	24	2024
37	12530	24	534
37	12530	24	2237
37	12530	24	8
37	12530	24	1143
37	12530	24	986
37	12530	24	514
37	12530	24	42
37	12530	24	376
37	12530	24	80
37	12530	24	741
37	12530	24	1639
37	12530	24	379
37	12530	24	108
37	12530	24	1449
37	12530	24	178
37	12530	24	819
37	12530	24	1055
37	12530	24	1900
37	12530	24	155
37	12530	24	1679
37	12530	24	2035
37	12530	24	729
37	12530	24	1236
37	12530	24	990
37	12530	24	1957
37	12530	24	1201
37	12530	24	839
37	12530	24	1166
37	12530	24	290
37	12530	24	144
37	12530	24	1156
37	12530	24	451
37	12530	24	1933
37	12530	24	1787
37	12530	24	1442
37	12530	24	898
37	12530	24	1527
37	12530	24	721
37	12530	24	410
37	12530	24	956
37	12530	24	385
37	12530	24	2118
37	12530	24	669
37	12530	24	994
37	12530	24	1817
37	12530	24	2351
37	12530	24	181
37	12530	24	2350
37	12530	24	646
37	12530	24	540
37	12530	24	2277
37	12530	24	19
37	12530	24	1553
37	12530	24	368
37	12530	24	627
37	12530	24	1390
37	12530	24	1905
37	12530	24	730
37	12530	24	2253
37	12530	24	1438
37	12530	24	722
37	12530	24	772
37	12530	24	564
37	12530	24	736
37	12530	24	219
37	12530	24	1102
37	12530	24	1124
37	12530	24	1467
37	12530	24	619
37	12530	24	1732
37	12530	24	1061
37	12530	24	56
37	12530	24	1418
37	12530	24	1187
37	12530	24	1087
37	12530	24	519
37	12530	24	965
37	12530	24	2089
41	12580	74	850
41	12580	74	42
41	12580	74	1389
41	12580	74	401
41	12580	74	303
41	12580	74	1693
41	12580	74	893
41	12580	74	1085
41	12580	74	148
41	12580	74	19
41	12580	74	304
41	12580	74	671
41	12580	74	395
41	12580	74	694
41	12580	74	438
41	12580	74	1588
41	12580	74	2321
41	12580	74	1409
41	12580	74	291
41	12580	74	1209
41	12580	74	1789
41	12580	74	1752
41	12580	74	833
41	12580	74	620
41	12580	74	907
41	12580	74	2204
41	12580	74	465
41	12580	74	1951
41	12580	74	1536
41	12580	74	1223
41	12580	74	1399
41	12580	74	1927
41	12580	74	1361
41	12580	74	1160
41	12580	74	679
41	12580	74	1755
41	12580	74	1491
41	12580	74	801
41	12580	74	766
41	12580	74	2101
41	12580	74	2
41	12580	74	980
41	12580	74	233
40	12580	24	19
40	12580	24	42
40	12580	24	219
40	12580	24	56
40	12580	24	1491
40	12580	24	2
40	12580	24	181
40	12580	24	663
40	12580	24	385
40	12580	24	801
40	12580	24	1778
40	12580	24	1555
40	12580	24	125
40	12580	24	1698
40	12580	24	233
40	12580	24	887
40	12580	24	700
40	12580	24	407
40	12580	24	758
40	12580	24	179
40	12580	24	1091
40	12580	24	507
40	12580	24	1962
40	12580	24	53
40	12580	24	1100
40	12580	24	2271
40	12580	24	283
40	12580	24	268
40	12580	24	605
40	12580	24	1205
40	12580	24	245
40	12580	24	602
40	12580	24	1259
40	12580	24	615
40	12580	24	1936
40	12580	24	1382
42	12630	24	2
42	12630	24	407
42	12630	24	53
42	12630	24	1810
42	12630	24	283
42	12630	24	718
42	12630	24	255
42	12630	24	229
42	12630	24	1867
42	12630	24	58
42	12630	24	1908
42	12630	24	1459
42	12630	24	369
42	12630	24	1284
42	12630	24	321
42	12630	24	634
