xmin	xmax	ymin	ymax	showSelected1	row_in_group	na_group
-28.45	-27.55	-1.90217664505102	0	12100,0	3	2
-27.45	-26.55	-1.92831649323883	0	12100,0	4	2
-26.45	-25.55	-1.62770823907907	0	12100,0	5	2
-25.45	-24.55	-1.73327301060675	0	12100,0	6	2
-24.45	-23.55	-2.61348212939225	0	12100,0	7	2
-23.45	-22.55	-2.88644246719952	0	12100,0	8	2
-22.45	-21.55	-0.581108932790429	0	12100,0	9	2
-21.45	-20.55	-1.97908812144976	0	12100,0	10	2
-20.45	-19.55	-4.63379078067662	0	12100,0	11	2
-19.45	-18.55	-2.88644246719952	0	12100,0	12	2
-18.45	-17.55	-4.88563816417836	0	12100,0	13	2
-17.45	-16.55	-2.09621474890665	0	12100,0	14	2
-16.45	-15.55	-4.47091941889107	0	12100,0	15	2
-15.45	-14.55	-0.22570753531393	0	12100,0	16	2
-14.45	-13.55	-0.515759312320917	0	12100,0	17	2
-13.45	-12.55	-1.0234755944302	0	12100,0	18	2
-12.45	-11.55	-0.640928969989444	0	12100,0	19	2
-11.45	-10.55	-2.59337455386317	0	12100,0	20	2
-10.45	-9.55	-7.28396923540944	0	12100,0	21	2
-9.45	-8.55	-4.16578696023727	0	12100,0	22	2
-8.45	-7.55	-0.914391997184939	0	12100,0	23	2
-7.45	-6.55	-2.78640727894234	0	12100,0	24	2
-6.45	-5.55	-2.79143417282461	0	12100,0	25	2
-5.45	-4.55	-5.14552857789172	0	12100,0	26	2
-3.45	-2.55	-4.35530085959885	0	12100,0	28	3
-2.45	-1.55	-4.02453124214548	0	12100,0	29	3
-1.45	-0.55	-2.68938822701453	0	12100,0	30	3
-0.45	0.45	-3.44794651384909	0	12100,0	31	3
0.55	1.45	-2.01678982556678	0	12100,0	32	3
1.55	2.45	-3.57713768662344	0	12100,0	33	3
2.55	3.45	-5.45166641532197	0	12100,0	34	3
3.55	4.45	-3.95767355351129	0	12100,0	35	3
4.55	5.45	-1.59754687578545	0	12100,0	36	3
-44.45	-43.55	-2.89146936108179	0	12150,0	37	3
-41.45	-40.55	-1.81068717639371	0	12150,0	39	4
-40.45	-39.55	-3.31121500025134	0	12150,0	40	4
-39.45	-38.55	-2.38626652591364	0	12150,0	41	4
-38.45	-37.55	-0.109586286633489	0	12150,0	42	4
-37.45	-36.55	-3.78374302518474	0	12150,0	43	4
-36.45	-35.55	-1.52264615693963	0	12150,0	44	4
-35.45	-34.55	-1.4608153621877	0	12150,0	45	4
-34.45	-33.55	-1.67797717790177	0	12150,0	46	4
-32.45	-31.55	-0.0794249233398683	0	12150,0	48	5
-24.45	-23.55	-2.11230080932992	0	12150,0	56	12
-23.45	-22.55	-4.20600211129543	0	12150,0	57	12
-22.45	-21.55	-0.383552003217212	0	12150,0	58	12
-21.45	-20.55	-1.81671944905243	0	12150,0	59	12
-20.45	-19.55	-1.31805157593123	0	12150,0	60	12
-19.45	-18.55	-1.92630573568592	0	12150,0	61	12
-18.45	-17.55	-0.183984316091087	0	12150,0	62	12
-11.45	-10.55	-2.28673402704469	0	12150,0	69	18
-10.45	-9.55	-3.95566279595838	0	12150,0	70	18
-9.45	-8.55	-3.90288041019454	0	12150,0	71	18
-8.45	-7.55	-2.71200924948474	0	12150,0	72	18
-7.45	-6.55	-1.63323782234957	0	12150,0	73	18
-6.45	-5.55	-1.94188910672096	0	12150,0	74	18
-5.45	-4.55	-4.03156889358066	0	12150,0	75	18
-4.45	-3.55	-2.42396823003066	0	12150,0	76	18
-3.45	-2.55	-3.80586135826673	0	12150,0	77	18
-1.45	-0.55	-1.49650630875182	0	12150,0	79	19
-0.45	0.45	-2.48479364600613	0	12150,0	80	19
1.55	2.45	-0.604735334037098	0	12150,0	82	20
3.55	4.45	-0.362941738299905	0	12150,0	84	21
-44.45	-43.55	-2.89146936108179	0	12150,50	85	21
-41.45	-40.55	-1.81068717639371	0	12150,50	87	22
-40.45	-39.55	-3.31121500025134	0	12150,50	88	22
-39.45	-38.55	-2.38626652591364	0	12150,50	89	22
-38.45	-37.55	-0.109586286633489	0	12150,50	90	22
-37.45	-36.55	-3.78374302518474	0	12150,50	91	22
-36.45	-35.55	-1.52264615693963	0	12150,50	92	22
-35.45	-34.55	-1.4608153621877	0	12150,50	93	22
-34.45	-33.55	-1.67797717790177	0	12150,50	94	22
-32.45	-31.55	-0.0794249233398683	0	12150,50	96	23
-24.45	-23.55	-2.11230080932992	0	12150,50	104	30
-23.45	-22.55	-4.20600211129543	0	12150,50	105	30
-22.45	-21.55	-0.383552003217212	0	12150,50	106	30
-21.45	-20.55	-1.81671944905243	0	12150,50	107	30
-20.45	-19.55	-1.31805157593123	0	12150,50	108	30
-19.45	-18.55	-1.92630573568592	0	12150,50	109	30
-18.45	-17.55	-0.183984316091087	0	12150,50	110	30
-11.45	-10.55	-2.28673402704469	0	12150,50	117	36
-10.45	-9.55	-3.95566279595838	0	12150,50	118	36
-9.45	-8.55	-3.90288041019454	0	12150,50	119	36
-8.45	-7.55	-2.71200924948474	0	12150,50	120	36
-7.45	-6.55	-1.63323782234957	0	12150,50	121	36
-6.45	-5.55	-1.94188910672096	0	12150,50	122	36
-5.45	-4.55	-4.03156889358066	0	12150,50	123	36
-4.45	-3.55	-2.42396823003066	0	12150,50	124	36
-3.45	-2.55	-3.80586135826673	0	12150,50	125	36
-1.45	-0.55	-1.49650630875182	0	12150,50	127	37
-0.45	0.45	-2.48479364600613	0	12150,50	128	37
1.55	2.45	-0.604735334037098	0	12150,50	130	38
3.55	4.45	-0.362941738299905	0	12150,50	132	39
-44.45	-43.55	-1.70964660936008	0	12200,50	134	40
-42.45	-41.55	-2.04242698436636	0	12200,50	136	41
-41.45	-40.55	-0.0613281053636958	0	12200,50	137	41
-40.45	-39.55	-1.79409842658221	0	12200,50	138	41
-39.45	-38.55	-0.0985271200924948	0	12200,50	139	41
-38.45	-37.55	-0.43784245714573	0	12200,50	140	41
-35.45	-34.55	-3.68974010958629	0	12200,50	143	43
-34.45	-33.55	-0.575076660131705	0	12200,50	144	43
-33.45	-32.55	-0.22570753531393	0	12200,50	145	43
-32.45	-31.55	-2.00321721208465	0	12200,50	146	43
-22.45	-21.55	-0.834967073845071	0	12200,50	156	52
-20.45	-19.55	-0.522796963756095	0	12200,50	158	53
-19.45	-18.55	-0.992811541748354	0	12200,50	159	53
-16.45	-15.55	-0.0387070828934801	0	12200,50	162	55
-15.45	-14.55	-0.14980143769165	0	12200,50	163	55
-13.45	-12.55	-0.0286532951289398	0	12200,50	165	56
-9.45	-8.55	-1.23410244809732	0	12200,50	169	59
-7.45	-6.55	-0.175941285879455	0	12200,50	171	60
-4.45	-3.55	-0.805308399939677	0	12200,50	174	62
-3.45	-2.55	-0.890262906550043	0	12200,50	175	62
-2.45	-1.55	-1.0923440406173	0	12200,50	176	62
-1.45	-0.55	-0.350877192982456	0	12200,50	177	62
-0.45	0.45	-2.43603277534811	0	12200,50	178	62
0.55	1.45	-1.73930528326547	0	12200,50	179	62
1.55	2.45	-0.0442366661639773	0	12200,50	180	62
2.55	3.45	-0.236766701854924	0	12200,50	181	62
3.55	4.45	-2.35660785200824	0	12200,50	182	62
4.55	5.45	-0.697230181470869	0	12200,50	183	62
-44.45	-43.55	-1.70964660936008	0	12200,100	185	63
-42.45	-41.55	-2.04242698436636	0	12200,100	187	64
-41.45	-40.55	-0.0613281053636958	0	12200,100	188	64
-40.45	-39.55	-1.79409842658221	0	12200,100	189	64
-39.45	-38.55	-0.0985271200924948	0	12200,100	190	64
-38.45	-37.55	-0.43784245714573	0	12200,100	191	64
-35.45	-34.55	-3.68974010958629	0	12200,100	194	66
-34.45	-33.55	-0.575076660131705	0	12200,100	195	66
-33.45	-32.55	-0.22570753531393	0	12200,100	196	66
-32.45	-31.55	-2.00321721208465	0	12200,100	197	66
-22.45	-21.55	-0.834967073845071	0	12200,100	207	75
-20.45	-19.55	-0.522796963756095	0	12200,100	209	76
-19.45	-18.55	-0.992811541748354	0	12200,100	210	76
-16.45	-15.55	-0.0387070828934801	0	12200,100	213	78
-15.45	-14.55	-0.14980143769165	0	12200,100	214	78
-13.45	-12.55	-0.0286532951289398	0	12200,100	216	79
-9.45	-8.55	-1.23410244809732	0	12200,100	220	82
-7.45	-6.55	-0.175941285879455	0	12200,100	222	83
-4.45	-3.55	-0.805308399939677	0	12200,100	225	85
-3.45	-2.55	-0.890262906550043	0	12200,100	226	85
-2.45	-1.55	-1.0923440406173	0	12200,100	227	85
-1.45	-0.55	-0.350877192982456	0	12200,100	228	85
-0.45	0.45	-2.43603277534811	0	12200,100	229	85
0.55	1.45	-1.73930528326547	0	12200,100	230	85
1.55	2.45	-0.0442366661639773	0	12200,100	231	85
2.55	3.45	-0.236766701854924	0	12200,100	232	85
3.55	4.45	-2.35660785200824	0	12200,100	233	85
4.55	5.45	-0.697230181470869	0	12200,100	234	85
-44.45	-43.55	-2.7818830744483	0	12250,100	235	85
-43.45	-42.55	-0.0276479163524858	0	12250,100	236	85
-42.45	-41.55	-1.80113607801739	0	12250,100	237	85
-41.45	-40.55	-0.463982305333535	0	12250,100	238	85
-40.45	-39.55	-0.0723872719046901	0	12250,100	239	85
-39.45	-38.55	-1.17729854722767	0	12250,100	240	85
-38.45	-37.55	-0.291559845171668	0	12250,100	241	85
-37.45	-36.55	-0.0557985220931986	0	12250,100	242	85
-36.45	-35.55	-1.26426381139094	0	12250,100	243	85
-35.45	-34.55	-0.069873824963555	0	12250,100	244	85
-34.45	-33.55	-0.0497662494344744	0	12250,100	245	85
-33.45	-32.55	-0.0100537877645403	0	12250,100	246	85
-31.45	-30.55	-0.261901171266275	0	12250,100	248	86
-24.45	-23.55	-1.53822952797466	0	12250,100	255	92
-23.45	-22.55	-3.41125018850852	0	12250,100	256	92
-22.45	-21.55	-0.0140753028703564	0	12250,100	257	92
-21.45	-20.55	-1.00839491278339	0	12250,100	258	92
-20.45	-19.55	-0.418237571004876	0	12250,100	259	92
-19.45	-18.55	-0.182476247926406	0	12250,100	260	92
-18.45	-17.55	-0.067863067410647	0	12250,100	261	92
-16.45	-15.55	-0.035188257175891	0	12250,100	263	93
-6.45	-5.55	-2.02433016639019	0	12250,100	273	102
-5.45	-4.55	-1.01744332177148	0	12250,100	274	102
-3.45	-2.55	-0.0442366661639773	0	12250,100	276	103
-2.45	-1.55	-0.760066354999246	0	12250,100	277	103
0.55	1.45	-0.54390991806163	0	12250,100	280	105
3.55	4.45	-0.916402754737847	0	12250,100	283	107
-44.45	-43.55	-2.7818830744483	0	12250,150	284	107
-43.45	-42.55	-0.0276479163524858	0	12250,150	285	107
-42.45	-41.55	-1.80113607801739	0	12250,150	286	107
-41.45	-40.55	-0.463982305333535	0	12250,150	287	107
-40.45	-39.55	-0.0723872719046901	0	12250,150	288	107
-39.45	-38.55	-1.17729854722767	0	12250,150	289	107
-38.45	-37.55	-0.291559845171668	0	12250,150	290	107
-37.45	-36.55	-0.0557985220931986	0	12250,150	291	107
-36.45	-35.55	-1.26426381139094	0	12250,150	292	107
-35.45	-34.55	-0.069873824963555	0	12250,150	293	107
-34.45	-33.55	-0.0497662494344744	0	12250,150	294	107
-33.45	-32.55	-0.0100537877645403	0	12250,150	295	107
-31.45	-30.55	-0.261901171266275	0	12250,150	297	108
-24.45	-23.55	-1.53822952797466	0	12250,150	304	114
-23.45	-22.55	-3.41125018850852	0	12250,150	305	114
-22.45	-21.55	-0.0140753028703564	0	12250,150	306	114
-21.45	-20.55	-1.00839491278339	0	12250,150	307	114
-20.45	-19.55	-0.418237571004876	0	12250,150	308	114
-19.45	-18.55	-0.182476247926406	0	12250,150	309	114
-18.45	-17.55	-0.067863067410647	0	12250,150	310	114
-16.45	-15.55	-0.035188257175891	0	12250,150	312	115
-6.45	-5.55	-2.02433016639019	0	12250,150	322	124
-5.45	-4.55	-1.01744332177148	0	12250,150	323	124
-3.45	-2.55	-0.0442366661639773	0	12250,150	325	125
-2.45	-1.55	-0.760066354999246	0	12250,150	326	125
0.55	1.45	-0.54390991806163	0	12250,150	329	127
3.55	4.45	-0.916402754737847	0	12250,150	332	129
-45.45	-44.55	-0.991303473583672	0	12300,150	333	129
-44.45	-43.55	-2.08113406725984	0	12300,150	334	129
-42.45	-41.55	-2.09822550645956	0	12300,150	336	130
-40.45	-39.55	-0.0557985220931986	0	12300,150	338	131
-39.45	-38.55	-0.367465942793948	0	12300,150	339	131
-37.45	-36.55	-0.14980143769165	0	12300,150	341	132
-36.45	-35.55	-0.73241843864676	0	12300,150	342	132
-34.45	-33.55	-0.687176393706329	0	12300,150	344	133
-33.45	-32.55	-0.312170110088976	0	12300,150	345	133
-31.45	-30.55	-1.17478510028653	0	12300,150	347	134
-30.45	-29.55	-0.7796712411401	0	12300,150	348	134
-28.45	-27.55	-0.952093701301965	0	12300,150	350	135
-27.45	-26.55	-0.349369124817775	0	12300,150	351	135
-26.45	-25.55	-0.829940179962801	0	12300,150	352	135
-25.45	-24.55	-1.47539335444629	0	12300,150	353	135
-22.45	-21.55	-0.499170562509426	0	12300,150	356	137
-21.45	-20.55	-1.11194892675816	0	12300,150	357	137
-20.45	-19.55	-0.946564118031468	0	12300,150	358	137
-19.45	-18.55	-0.388578897099482	0	12300,150	359	137
-18.45	-17.55	-1.76996933594732	0	12300,150	360	137
-17.45	-16.55	-3.4630271954959	0	12300,150	361	137
-15.45	-14.55	-0.478560297592118	0	12300,150	363	138
-14.45	-13.55	-1.72372191223043	0	12300,150	364	138
-13.45	-12.55	-1.86698838787513	0	12300,150	365	138
-11.45	-10.55	-1.57341778515056	0	12300,150	367	139
-10.45	-9.55	-1.29492786407279	0	12300,150	368	139
-6.45	-5.55	-0.169909013220731	0	12300,150	372	142
-5.45	-4.55	-0.92092695923189	0	12300,150	373	142
-4.45	-3.55	-0.0754034082340522	0	12300,150	374	142
-3.45	-2.55	-0.0437339767757503	0	12300,150	375	142
0.55	1.45	-0.143266475644699	0	12300,150	379	145
1.55	2.45	-0.161363293620872	0	12300,150	380	145
4.55	5.45	-0.405167646910974	0	12300,150	383	147
-45.45	-44.55	-0.991303473583672	0	12300,200	384	147
-44.45	-43.55	-2.08113406725984	0	12300,200	385	147
-42.45	-41.55	-2.09822550645956	0	12300,200	387	148
-40.45	-39.55	-0.0557985220931986	0	12300,200	389	149
-39.45	-38.55	-0.367465942793948	0	12300,200	390	149
-37.45	-36.55	-0.14980143769165	0	12300,200	392	150
-36.45	-35.55	-0.73241843864676	0	12300,200	393	150
-34.45	-33.55	-0.687176393706329	0	12300,200	395	151
-33.45	-32.55	-0.312170110088976	0	12300,200	396	151
-31.45	-30.55	-1.17478510028653	0	12300,200	398	152
-30.45	-29.55	-0.7796712411401	0	12300,200	399	152
-28.45	-27.55	-0.952093701301965	0	12300,200	401	153
-27.45	-26.55	-0.349369124817775	0	12300,200	402	153
-26.45	-25.55	-0.829940179962801	0	12300,200	403	153
-25.45	-24.55	-1.47539335444629	0	12300,200	404	153
-22.45	-21.55	-0.499170562509426	0	12300,200	407	155
-21.45	-20.55	-1.11194892675816	0	12300,200	408	155
-20.45	-19.55	-0.946564118031468	0	12300,200	409	155
-19.45	-18.55	-0.388578897099482	0	12300,200	410	155
-18.45	-17.55	-1.76996933594732	0	12300,200	411	155
-17.45	-16.55	-3.4630271954959	0	12300,200	412	155
-15.45	-14.55	-0.478560297592118	0	12300,200	414	156
-14.45	-13.55	-1.72372191223043	0	12300,200	415	156
-13.45	-12.55	-1.86698838787513	0	12300,200	416	156
-11.45	-10.55	-1.57341778515056	0	12300,200	418	157
-10.45	-9.55	-1.29492786407279	0	12300,200	419	157
-6.45	-5.55	-0.169909013220731	0	12300,200	423	160
-5.45	-4.55	-0.92092695923189	0	12300,200	424	160
-4.45	-3.55	-0.0754034082340522	0	12300,200	425	160
-3.45	-2.55	-0.0437339767757503	0	12300,200	426	160
0.55	1.45	-0.143266475644699	0	12300,200	430	163
1.55	2.45	-0.161363293620872	0	12300,200	431	163
4.55	5.45	-0.405167646910974	0	12300,200	434	165
-43.45	-42.55	-0.509727039662193	0	12350,200	436	166
-42.45	-41.55	-0.136731513597748	0	12350,200	437	166
-36.45	-35.55	-0.517770069873825	0	12350,200	443	171
-35.45	-34.55	-1.53923490675112	0	12350,200	444	171
-33.45	-32.55	-0.39913537425225	0	12350,200	446	172
-32.45	-31.55	-0.424772533051827	0	12350,200	447	172
-31.45	-30.55	-0.442869351028	0	12350,200	448	172
-30.45	-29.55	-0.202583823455487	0	12350,200	449	172
-28.45	-27.55	-0.461971547780626	0	12350,200	451	173
-26.45	-25.55	-0.823907907304077	0	12350,200	453	174
-24.45	-23.55	-1.08781983612326	0	12350,200	455	175
-23.45	-22.55	-0.0733926506811441	0	12350,200	456	175
-22.45	-21.55	-1.27984718242598	0	12350,200	457	175
-21.45	-20.55	-0.390086965264163	0	12350,200	458	175
-20.45	-19.55	-0.953601769466647	0	12350,200	459	175
-19.45	-18.55	-0.933494193937566	0	12350,200	460	175
-18.45	-17.55	-0.496154426180063	0	12350,200	461	175
-17.45	-16.55	-1.31905695470769	0	12350,200	462	175
-16.45	-15.55	-1.94892675815614	0	12350,200	463	175
-15.45	-14.55	-1.02548635198311	0	12350,200	464	175
-14.45	-13.55	-1.06117729854723	0	12350,200	465	175
-13.45	-12.55	-1.49248479364601	0	12350,200	466	175
-12.45	-11.55	-1.04056703362992	0	12350,200	467	175
-11.45	-10.55	-0.109586286633489	0	12350,200	468	175
-10.45	-9.55	-0.532850751520635	0	12350,200	469	175
-9.45	-8.55	-0.175941285879455	0	12350,200	470	175
-8.45	-7.55	-2.22389785351631	0	12350,200	471	175
-7.45	-6.55	-1.0476046850651	0	12350,200	472	175
-6.45	-5.55	-0.308651284371387	0	12350,200	473	175
-4.45	-3.55	-0.559493289096667	0	12350,200	475	176
-3.45	-2.55	-0.39058965465239	0	12350,200	476	176
-1.45	-0.55	-0.739456090081939	0	12350,200	478	177
-0.45	0.45	-0.0995324988689489	0	12350,200	479	177
0.55	1.45	-0.359422912582315	0	12350,200	480	177
1.55	2.45	-0.136731513597748	0	12350,200	481	177
2.55	3.45	-0.108580907857035	0	12350,200	482	177
3.55	4.45	-0.71231086311768	0	12350,200	483	177
-43.45	-42.55	-0.509727039662193	0	12350,250	485	178
-42.45	-41.55	-0.136731513597748	0	12350,250	486	178
-36.45	-35.55	-0.517770069873825	0	12350,250	492	183
-35.45	-34.55	-1.53923490675112	0	12350,250	493	183
-33.45	-32.55	-0.39913537425225	0	12350,250	495	184
-32.45	-31.55	-0.424772533051827	0	12350,250	496	184
-31.45	-30.55	-0.442869351028	0	12350,250	497	184
-30.45	-29.55	-0.202583823455487	0	12350,250	498	184
-28.45	-27.55	-0.461971547780626	0	12350,250	500	185
-26.45	-25.55	-0.823907907304077	0	12350,250	502	186
-24.45	-23.55	-1.08781983612326	0	12350,250	504	187
-23.45	-22.55	-0.0733926506811441	0	12350,250	505	187
-22.45	-21.55	-1.27984718242598	0	12350,250	506	187
-21.45	-20.55	-0.390086965264163	0	12350,250	507	187
-20.45	-19.55	-0.953601769466647	0	12350,250	508	187
-19.45	-18.55	-0.933494193937566	0	12350,250	509	187
-18.45	-17.55	-0.496154426180063	0	12350,250	510	187
-17.45	-16.55	-1.31905695470769	0	12350,250	511	187
-16.45	-15.55	-1.94892675815614	0	12350,250	512	187
-15.45	-14.55	-1.02548635198311	0	12350,250	513	187
-14.45	-13.55	-1.06117729854723	0	12350,250	514	187
-13.45	-12.55	-1.49248479364601	0	12350,250	515	187
-12.45	-11.55	-1.04056703362992	0	12350,250	516	187
-11.45	-10.55	-0.109586286633489	0	12350,250	517	187
-10.45	-9.55	-0.532850751520635	0	12350,250	518	187
-9.45	-8.55	-0.175941285879455	0	12350,250	519	187
-8.45	-7.55	-2.22389785351631	0	12350,250	520	187
-7.45	-6.55	-1.0476046850651	0	12350,250	521	187
-6.45	-5.55	-0.308651284371387	0	12350,250	522	187
-4.45	-3.55	-0.559493289096667	0	12350,250	524	188
-3.45	-2.55	-0.39058965465239	0	12350,250	525	188
-1.45	-0.55	-0.739456090081939	0	12350,250	527	189
-0.45	0.45	-0.0995324988689489	0	12350,250	528	189
0.55	1.45	-0.359422912582315	0	12350,250	529	189
1.55	2.45	-0.136731513597748	0	12350,250	530	189
2.55	3.45	-0.108580907857035	0	12350,250	531	189
3.55	4.45	-0.71231086311768	0	12350,250	532	189
-45.45	-44.55	-0.382546624440758	0	12400,250	533	189
-43.45	-42.55	-0.16840094505605	0	12400,250	535	190
-42.45	-41.55	-1.92731111446237	0	12400,250	536	190
-40.45	-39.55	-1.04157241240637	0	12400,250	538	191
-39.45	-38.55	-0.713316241894134	0	12400,250	539	191
-38.45	-37.55	-1.25823153873222	0	12400,250	540	191
-37.45	-36.55	-0.372492836676218	0	12400,250	541	191
-36.45	-35.55	0	0	12400,250	542	191
-35.45	-34.55	-2.87538330065852	0	12400,250	543	191
-34.45	-33.55	-0.364449806464586	0	12400,250	544	191
-33.45	-32.55	-1.80013069924094	0	12400,250	545	191
-32.45	-31.55	-0.108580907857035	0	12400,250	546	191
-30.45	-29.55	-0.627356356507314	0	12400,250	548	192
-29.45	-28.55	-0.189011209973357	0	12400,250	549	192
-28.45	-27.55	-0.0794249233398683	0	12400,250	550	192
-27.45	-26.55	-1.52013270999849	0	12400,250	551	192
-26.45	-25.55	-1.35826672698939	0	12400,250	552	192
-24.45	-23.55	-0.104559392751219	0	12400,250	554	193
-21.45	-20.55	-0.25084200472528	0	12400,250	557	195
-20.45	-19.55	-1.4030060825416	0	12400,250	558	195
-18.45	-17.55	-0.322726587241743	0	12400,250	560	196
-17.45	-16.55	-1.00035188257176	0	12400,250	561	196
-16.45	-15.55	-0.981249685819132	0	12400,250	562	196
-15.45	-14.55	-0.695722113306188	0	12400,250	563	196
-14.45	-13.55	-2.02030865128437	0	12400,250	564	196
-13.45	-12.55	-2.56371587995777	0	12400,250	565	196
-12.45	-11.55	-0.904840898808626	0	12400,250	566	196
-11.45	-10.55	-0.835972452621525	0	12400,250	567	196
-10.45	-9.55	-0.676619916553562	0	12400,250	568	196
-9.45	-8.55	-0.426783290604735	0	12400,250	569	196
-8.45	-7.55	-0.53888302417936	0	12400,250	570	196
-6.45	-5.55	-0.230231739807973	0	12400,250	572	197
-1.45	-0.55	-0.0442366661639773	0	12400,250	577	201
-0.45	0.45	-0.554969084602624	0	12400,250	578	201
0.55	1.45	-1.689539033831	0	12400,250	579	201
1.55	2.45	-0.819383702810034	0	12400,250	580	201
4.55	5.45	-1.41255718091791	0	12400,250	583	203
-44.45	-43.55	-1.70964660936008	0	12200,0	585	204
-42.45	-41.55	-2.04242698436636	0	12200,0	587	205
-41.45	-40.55	-0.0613281053636958	0	12200,0	588	205
-40.45	-39.55	-1.79409842658221	0	12200,0	589	205
-39.45	-38.55	-0.0985271200924948	0	12200,0	590	205
-38.45	-37.55	-0.43784245714573	0	12200,0	591	205
-35.45	-34.55	-3.68974010958629	0	12200,0	594	207
-34.45	-33.55	-0.575076660131705	0	12200,0	595	207
-33.45	-32.55	-0.22570753531393	0	12200,0	596	207
-32.45	-31.55	-2.00321721208465	0	12200,0	597	207
-22.45	-21.55	-0.834967073845071	0	12200,0	607	216
-20.45	-19.55	-0.522796963756095	0	12200,0	609	217
-19.45	-18.55	-0.992811541748354	0	12200,0	610	217
-16.45	-15.55	-0.0387070828934801	0	12200,0	613	219
-15.45	-14.55	-0.14980143769165	0	12200,0	614	219
-13.45	-12.55	-0.0286532951289398	0	12200,0	616	220
-9.45	-8.55	-1.23410244809732	0	12200,0	620	223
-7.45	-6.55	-0.175941285879455	0	12200,0	622	224
-4.45	-3.55	-0.805308399939677	0	12200,0	625	226
-3.45	-2.55	-0.890262906550043	0	12200,0	626	226
-2.45	-1.55	-1.0923440406173	0	12200,0	627	226
-1.45	-0.55	-0.350877192982456	0	12200,0	628	226
-0.45	0.45	-2.43603277534811	0	12200,0	629	226
0.55	1.45	-1.73930528326547	0	12200,0	630	226
1.55	2.45	-0.0442366661639773	0	12200,0	631	226
2.55	3.45	-0.236766701854924	0	12200,0	632	226
3.55	4.45	-2.35660785200824	0	12200,0	633	226
4.55	5.45	-0.697230181470869	0	12200,0	634	226
-45.45	-44.55	-0.991303473583672	0	12300,100	635	226
-44.45	-43.55	-2.08113406725984	0	12300,100	636	226
-42.45	-41.55	-2.09822550645956	0	12300,100	638	227
-40.45	-39.55	-0.0557985220931986	0	12300,100	640	228
-39.45	-38.55	-0.367465942793948	0	12300,100	641	228
-37.45	-36.55	-0.14980143769165	0	12300,100	643	229
-36.45	-35.55	-0.73241843864676	0	12300,100	644	229
-34.45	-33.55	-0.687176393706329	0	12300,100	646	230
-33.45	-32.55	-0.312170110088976	0	12300,100	647	230
-31.45	-30.55	-1.17478510028653	0	12300,100	649	231
-30.45	-29.55	-0.7796712411401	0	12300,100	650	231
-28.45	-27.55	-0.952093701301965	0	12300,100	652	232
-27.45	-26.55	-0.349369124817775	0	12300,100	653	232
-26.45	-25.55	-0.829940179962801	0	12300,100	654	232
-25.45	-24.55	-1.47539335444629	0	12300,100	655	232
-22.45	-21.55	-0.499170562509426	0	12300,100	658	234
-21.45	-20.55	-1.11194892675816	0	12300,100	659	234
-20.45	-19.55	-0.946564118031468	0	12300,100	660	234
-19.45	-18.55	-0.388578897099482	0	12300,100	661	234
-18.45	-17.55	-1.76996933594732	0	12300,100	662	234
-17.45	-16.55	-3.4630271954959	0	12300,100	663	234
-15.45	-14.55	-0.478560297592118	0	12300,100	665	235
-14.45	-13.55	-1.72372191223043	0	12300,100	666	235
-13.45	-12.55	-1.86698838787513	0	12300,100	667	235
-11.45	-10.55	-1.57341778515056	0	12300,100	669	236
-10.45	-9.55	-1.29492786407279	0	12300,100	670	236
-6.45	-5.55	-0.169909013220731	0	12300,100	674	239
-5.45	-4.55	-0.92092695923189	0	12300,100	675	239
-4.45	-3.55	-0.0754034082340522	0	12300,100	676	239
-3.45	-2.55	-0.0437339767757503	0	12300,100	677	239
0.55	1.45	-0.143266475644699	0	12300,100	681	242
1.55	2.45	-0.161363293620872	0	12300,100	682	242
4.55	5.45	-0.405167646910974	0	12300,100	685	244
-45.45	-44.55	-0.382546624440758	0	12400,200	686	244
-43.45	-42.55	-0.16840094505605	0	12400,200	688	245
-42.45	-41.55	-1.92731111446237	0	12400,200	689	245
-40.45	-39.55	-1.04157241240637	0	12400,200	691	246
-39.45	-38.55	-0.713316241894134	0	12400,200	692	246
-38.45	-37.55	-1.25823153873222	0	12400,200	693	246
-37.45	-36.55	-0.372492836676218	0	12400,200	694	246
-36.45	-35.55	0	0	12400,200	695	246
-35.45	-34.55	-2.87538330065852	0	12400,200	696	246
-34.45	-33.55	-0.364449806464586	0	12400,200	697	246
-33.45	-32.55	-1.80013069924094	0	12400,200	698	246
-32.45	-31.55	-0.108580907857035	0	12400,200	699	246
-30.45	-29.55	-0.627356356507314	0	12400,200	701	247
-29.45	-28.55	-0.189011209973357	0	12400,200	702	247
-28.45	-27.55	-0.0794249233398683	0	12400,200	703	247
-27.45	-26.55	-1.52013270999849	0	12400,200	704	247
-26.45	-25.55	-1.35826672698939	0	12400,200	705	247
-24.45	-23.55	-0.104559392751219	0	12400,200	707	248
-21.45	-20.55	-0.25084200472528	0	12400,200	710	250
-20.45	-19.55	-1.4030060825416	0	12400,200	711	250
-18.45	-17.55	-0.322726587241743	0	12400,200	713	251
-17.45	-16.55	-1.00035188257176	0	12400,200	714	251
-16.45	-15.55	-0.981249685819132	0	12400,200	715	251
-15.45	-14.55	-0.695722113306188	0	12400,200	716	251
-14.45	-13.55	-2.02030865128437	0	12400,200	717	251
-13.45	-12.55	-2.56371587995777	0	12400,200	718	251
-12.45	-11.55	-0.904840898808626	0	12400,200	719	251
-11.45	-10.55	-0.835972452621525	0	12400,200	720	251
-10.45	-9.55	-0.676619916553562	0	12400,200	721	251
-9.45	-8.55	-0.426783290604735	0	12400,200	722	251
-8.45	-7.55	-0.53888302417936	0	12400,200	723	251
-6.45	-5.55	-0.230231739807973	0	12400,200	725	252
-1.45	-0.55	-0.0442366661639773	0	12400,200	730	256
-0.45	0.45	-0.554969084602624	0	12400,200	731	256
0.55	1.45	-1.689539033831	0	12400,200	732	256
1.55	2.45	-0.819383702810034	0	12400,200	733	256
4.55	5.45	-1.41255718091791	0	12400,200	736	258
-44.45	-43.55	-2.7818830744483	0	12250,50	737	258
-43.45	-42.55	-0.0276479163524858	0	12250,50	738	258
-42.45	-41.55	-1.80113607801739	0	12250,50	739	258
-41.45	-40.55	-0.463982305333535	0	12250,50	740	258
-40.45	-39.55	-0.0723872719046901	0	12250,50	741	258
-39.45	-38.55	-1.17729854722767	0	12250,50	742	258
-38.45	-37.55	-0.291559845171668	0	12250,50	743	258
-37.45	-36.55	-0.0557985220931986	0	12250,50	744	258
-36.45	-35.55	-1.26426381139094	0	12250,50	745	258
-35.45	-34.55	-0.069873824963555	0	12250,50	746	258
-34.45	-33.55	-0.0497662494344744	0	12250,50	747	258
-33.45	-32.55	-0.0100537877645403	0	12250,50	748	258
-31.45	-30.55	-0.261901171266275	0	12250,50	750	259
-24.45	-23.55	-1.53822952797466	0	12250,50	757	265
-23.45	-22.55	-3.41125018850852	0	12250,50	758	265
-22.45	-21.55	-0.0140753028703564	0	12250,50	759	265
-21.45	-20.55	-1.00839491278339	0	12250,50	760	265
-20.45	-19.55	-0.418237571004876	0	12250,50	761	265
-19.45	-18.55	-0.182476247926406	0	12250,50	762	265
-18.45	-17.55	-0.067863067410647	0	12250,50	763	265
-16.45	-15.55	-0.035188257175891	0	12250,50	765	266
-6.45	-5.55	-2.02433016639019	0	12250,50	775	275
-5.45	-4.55	-1.01744332177148	0	12250,50	776	275
-3.45	-2.55	-0.0442366661639773	0	12250,50	778	276
-2.45	-1.55	-0.760066354999246	0	12250,50	779	276
0.55	1.45	-0.54390991806163	0	12250,50	782	278
3.55	4.45	-0.916402754737847	0	12250,50	785	280
-43.45	-42.55	-0.509727039662193	0	12350,150	787	281
-42.45	-41.55	-0.136731513597748	0	12350,150	788	281
-36.45	-35.55	-0.517770069873825	0	12350,150	794	286
-35.45	-34.55	-1.53923490675112	0	12350,150	795	286
-33.45	-32.55	-0.39913537425225	0	12350,150	797	287
-32.45	-31.55	-0.424772533051827	0	12350,150	798	287
-31.45	-30.55	-0.442869351028	0	12350,150	799	287
-30.45	-29.55	-0.202583823455487	0	12350,150	800	287
-28.45	-27.55	-0.461971547780626	0	12350,150	802	288
-26.45	-25.55	-0.823907907304077	0	12350,150	804	289
-24.45	-23.55	-1.08781983612326	0	12350,150	806	290
-23.45	-22.55	-0.0733926506811441	0	12350,150	807	290
-22.45	-21.55	-1.27984718242598	0	12350,150	808	290
-21.45	-20.55	-0.390086965264163	0	12350,150	809	290
-20.45	-19.55	-0.953601769466647	0	12350,150	810	290
-19.45	-18.55	-0.933494193937566	0	12350,150	811	290
-18.45	-17.55	-0.496154426180063	0	12350,150	812	290
-17.45	-16.55	-1.31905695470769	0	12350,150	813	290
-16.45	-15.55	-1.94892675815614	0	12350,150	814	290
-15.45	-14.55	-1.02548635198311	0	12350,150	815	290
-14.45	-13.55	-1.06117729854723	0	12350,150	816	290
-13.45	-12.55	-1.49248479364601	0	12350,150	817	290
-12.45	-11.55	-1.04056703362992	0	12350,150	818	290
-11.45	-10.55	-0.109586286633489	0	12350,150	819	290
-10.45	-9.55	-0.532850751520635	0	12350,150	820	290
-9.45	-8.55	-0.175941285879455	0	12350,150	821	290
-8.45	-7.55	-2.22389785351631	0	12350,150	822	290
-7.45	-6.55	-1.0476046850651	0	12350,150	823	290
-6.45	-5.55	-0.308651284371387	0	12350,150	824	290
-4.45	-3.55	-0.559493289096667	0	12350,150	826	291
-3.45	-2.55	-0.39058965465239	0	12350,150	827	291
-1.45	-0.55	-0.739456090081939	0	12350,150	829	292
-0.45	0.45	-0.0995324988689489	0	12350,150	830	292
0.55	1.45	-0.359422912582315	0	12350,150	831	292
1.55	2.45	-0.136731513597748	0	12350,150	832	292
2.55	3.45	-0.108580907857035	0	12350,150	833	292
3.55	4.45	-0.71231086311768	0	12350,150	834	292
-44.45	-43.55	-2.7818830744483	0	12250,0	835	292
-43.45	-42.55	-0.0276479163524858	0	12250,0	836	292
-42.45	-41.55	-1.80113607801739	0	12250,0	837	292
-41.45	-40.55	-0.463982305333535	0	12250,0	838	292
-40.45	-39.55	-0.0723872719046901	0	12250,0	839	292
-39.45	-38.55	-1.17729854722767	0	12250,0	840	292
-38.45	-37.55	-0.291559845171668	0	12250,0	841	292
-37.45	-36.55	-0.0557985220931986	0	12250,0	842	292
-36.45	-35.55	-1.26426381139094	0	12250,0	843	292
-35.45	-34.55	-0.069873824963555	0	12250,0	844	292
-34.45	-33.55	-0.0497662494344744	0	12250,0	845	292
-33.45	-32.55	-0.0100537877645403	0	12250,0	846	292
-31.45	-30.55	-0.261901171266275	0	12250,0	848	293
-24.45	-23.55	-1.53822952797466	0	12250,0	855	299
-23.45	-22.55	-3.41125018850852	0	12250,0	856	299
-22.45	-21.55	-0.0140753028703564	0	12250,0	857	299
-21.45	-20.55	-1.00839491278339	0	12250,0	858	299
-20.45	-19.55	-0.418237571004876	0	12250,0	859	299
-19.45	-18.55	-0.182476247926406	0	12250,0	860	299
-18.45	-17.55	-0.067863067410647	0	12250,0	861	299
-16.45	-15.55	-0.035188257175891	0	12250,0	863	300
-6.45	-5.55	-2.02433016639019	0	12250,0	873	309
-5.45	-4.55	-1.01744332177148	0	12250,0	874	309
-3.45	-2.55	-0.0442366661639773	0	12250,0	876	310
-2.45	-1.55	-0.760066354999246	0	12250,0	877	310
0.55	1.45	-0.54390991806163	0	12250,0	880	312
3.55	4.45	-0.916402754737847	0	12250,0	883	314
-45.45	-44.55	-0.991303473583672	0	12300,50	884	314
-44.45	-43.55	-2.08113406725984	0	12300,50	885	314
-42.45	-41.55	-2.09822550645956	0	12300,50	887	315
-40.45	-39.55	-0.0557985220931986	0	12300,50	889	316
-39.45	-38.55	-0.367465942793948	0	12300,50	890	316
-37.45	-36.55	-0.14980143769165	0	12300,50	892	317
-36.45	-35.55	-0.73241843864676	0	12300,50	893	317
-34.45	-33.55	-0.687176393706329	0	12300,50	895	318
-33.45	-32.55	-0.312170110088976	0	12300,50	896	318
-31.45	-30.55	-1.17478510028653	0	12300,50	898	319
-30.45	-29.55	-0.7796712411401	0	12300,50	899	319
-28.45	-27.55	-0.952093701301965	0	12300,50	901	320
-27.45	-26.55	-0.349369124817775	0	12300,50	902	320
-26.45	-25.55	-0.829940179962801	0	12300,50	903	320
-25.45	-24.55	-1.47539335444629	0	12300,50	904	320
-22.45	-21.55	-0.499170562509426	0	12300,50	907	322
-21.45	-20.55	-1.11194892675816	0	12300,50	908	322
-20.45	-19.55	-0.946564118031468	0	12300,50	909	322
-19.45	-18.55	-0.388578897099482	0	12300,50	910	322
-18.45	-17.55	-1.76996933594732	0	12300,50	911	322
-17.45	-16.55	-3.4630271954959	0	12300,50	912	322
-15.45	-14.55	-0.478560297592118	0	12300,50	914	323
-14.45	-13.55	-1.72372191223043	0	12300,50	915	323
-13.45	-12.55	-1.86698838787513	0	12300,50	916	323
-11.45	-10.55	-1.57341778515056	0	12300,50	918	324
-10.45	-9.55	-1.29492786407279	0	12300,50	919	324
-6.45	-5.55	-0.169909013220731	0	12300,50	923	327
-5.45	-4.55	-0.92092695923189	0	12300,50	924	327
-4.45	-3.55	-0.0754034082340522	0	12300,50	925	327
-3.45	-2.55	-0.0437339767757503	0	12300,50	926	327
0.55	1.45	-0.143266475644699	0	12300,50	930	330
1.55	2.45	-0.161363293620872	0	12300,50	931	330
4.55	5.45	-0.405167646910974	0	12300,50	934	332
-43.45	-42.55	-0.509727039662193	0	12350,100	936	333
-42.45	-41.55	-0.136731513597748	0	12350,100	937	333
-36.45	-35.55	-0.517770069873825	0	12350,100	943	338
-35.45	-34.55	-1.53923490675112	0	12350,100	944	338
-33.45	-32.55	-0.39913537425225	0	12350,100	946	339
-32.45	-31.55	-0.424772533051827	0	12350,100	947	339
-31.45	-30.55	-0.442869351028	0	12350,100	948	339
-30.45	-29.55	-0.202583823455487	0	12350,100	949	339
-28.45	-27.55	-0.461971547780626	0	12350,100	951	340
-26.45	-25.55	-0.823907907304077	0	12350,100	953	341
-24.45	-23.55	-1.08781983612326	0	12350,100	955	342
-23.45	-22.55	-0.0733926506811441	0	12350,100	956	342
-22.45	-21.55	-1.27984718242598	0	12350,100	957	342
-21.45	-20.55	-0.390086965264163	0	12350,100	958	342
-20.45	-19.55	-0.953601769466647	0	12350,100	959	342
-19.45	-18.55	-0.933494193937566	0	12350,100	960	342
-18.45	-17.55	-0.496154426180063	0	12350,100	961	342
-17.45	-16.55	-1.31905695470769	0	12350,100	962	342
-16.45	-15.55	-1.94892675815614	0	12350,100	963	342
-15.45	-14.55	-1.02548635198311	0	12350,100	964	342
-14.45	-13.55	-1.06117729854723	0	12350,100	965	342
-13.45	-12.55	-1.49248479364601	0	12350,100	966	342
-12.45	-11.55	-1.04056703362992	0	12350,100	967	342
-11.45	-10.55	-0.109586286633489	0	12350,100	968	342
-10.45	-9.55	-0.532850751520635	0	12350,100	969	342
-9.45	-8.55	-0.175941285879455	0	12350,100	970	342
-8.45	-7.55	-2.22389785351631	0	12350,100	971	342
-7.45	-6.55	-1.0476046850651	0	12350,100	972	342
-6.45	-5.55	-0.308651284371387	0	12350,100	973	342
-4.45	-3.55	-0.559493289096667	0	12350,100	975	343
-3.45	-2.55	-0.39058965465239	0	12350,100	976	343
-1.45	-0.55	-0.739456090081939	0	12350,100	978	344
-0.45	0.45	-0.0995324988689489	0	12350,100	979	344
0.55	1.45	-0.359422912582315	0	12350,100	980	344
1.55	2.45	-0.136731513597748	0	12350,100	981	344
2.55	3.45	-0.108580907857035	0	12350,100	982	344
3.55	4.45	-0.71231086311768	0	12350,100	983	344
-45.45	-44.55	-0.382546624440758	0	12400,150	984	344
-43.45	-42.55	-0.16840094505605	0	12400,150	986	345
-42.45	-41.55	-1.92731111446237	0	12400,150	987	345
-40.45	-39.55	-1.04157241240637	0	12400,150	989	346
-39.45	-38.55	-0.713316241894134	0	12400,150	990	346
-38.45	-37.55	-1.25823153873222	0	12400,150	991	346
-37.45	-36.55	-0.372492836676218	0	12400,150	992	346
-36.45	-35.55	0	0	12400,150	993	346
-35.45	-34.55	-2.87538330065852	0	12400,150	994	346
-34.45	-33.55	-0.364449806464586	0	12400,150	995	346
-33.45	-32.55	-1.80013069924094	0	12400,150	996	346
-32.45	-31.55	-0.108580907857035	0	12400,150	997	346
-30.45	-29.55	-0.627356356507314	0	12400,150	999	347
-29.45	-28.55	-0.189011209973357	0	12400,150	1000	347
-28.45	-27.55	-0.0794249233398683	0	12400,150	1001	347
-27.45	-26.55	-1.52013270999849	0	12400,150	1002	347
-26.45	-25.55	-1.35826672698939	0	12400,150	1003	347
-24.45	-23.55	-0.104559392751219	0	12400,150	1005	348
-21.45	-20.55	-0.25084200472528	0	12400,150	1008	350
-20.45	-19.55	-1.4030060825416	0	12400,150	1009	350
-18.45	-17.55	-0.322726587241743	0	12400,150	1011	351
-17.45	-16.55	-1.00035188257176	0	12400,150	1012	351
-16.45	-15.55	-0.981249685819132	0	12400,150	1013	351
-15.45	-14.55	-0.695722113306188	0	12400,150	1014	351
-14.45	-13.55	-2.02030865128437	0	12400,150	1015	351
-13.45	-12.55	-2.56371587995777	0	12400,150	1016	351
-12.45	-11.55	-0.904840898808626	0	12400,150	1017	351
-11.45	-10.55	-0.835972452621525	0	12400,150	1018	351
-10.45	-9.55	-0.676619916553562	0	12400,150	1019	351
-9.45	-8.55	-0.426783290604735	0	12400,150	1020	351
-8.45	-7.55	-0.53888302417936	0	12400,150	1021	351
-6.45	-5.55	-0.230231739807973	0	12400,150	1023	352
-1.45	-0.55	-0.0442366661639773	0	12400,150	1028	356
-0.45	0.45	-0.554969084602624	0	12400,150	1029	356
0.55	1.45	-1.689539033831	0	12400,150	1030	356
1.55	2.45	-0.819383702810034	0	12400,150	1031	356
4.55	5.45	-1.41255718091791	0	12400,150	1034	358
-44.45	-43.55	-1.39244960538883	0	12450,200	1035	358
-42.45	-41.55	-0.780676619916554	0	12450,200	1037	359
-41.45	-40.55	-2.02985974966068	0	12450,200	1038	359
-40.45	-39.55	-0.069873824963555	0	12450,200	1039	359
-39.45	-38.55	-0.221183330819886	0	12450,200	1040	359
-38.45	-37.55	-0.27949529985422	0	12450,200	1041	359
-37.45	-36.55	-1.13054843412256	0	12450,200	1042	359
-36.45	-35.55	-1.17579047906299	0	12450,200	1043	359
-35.45	-34.55	-0.997838435630624	0	12450,200	1044	359
-34.45	-33.55	-4.69813502236968	0	12450,200	1045	359
-33.45	-32.55	-1.19438998642739	0	12450,200	1046	359
-32.45	-31.55	-0.136731513597748	0	12450,200	1047	359
-31.45	-30.55	-0.494143668627155	0	12450,200	1048	359
-30.45	-29.55	-1.16070979741618	0	12450,200	1049	359
-28.45	-27.55	-0.326748102347559	0	12450,200	1051	360
-27.45	-26.55	-0.856080028150606	0	12450,200	1052	360
-26.45	-25.55	-0.606746091590007	0	12450,200	1053	360
-25.45	-24.55	-0.670587643894837	0	12450,200	1054	360
-23.45	-22.55	-0.198059618961444	0	12450,200	1056	361
-22.45	-21.55	-1.72171115467753	0	12450,200	1057	361
-21.45	-20.55	-1.20997335746242	0	12450,200	1058	361
-20.45	-19.55	-0.769617453375559	0	12450,200	1059	361
-19.45	-18.55	-0.287538330065852	0	12450,200	1060	361
-10.45	-9.55	-0.313678178253657	0	12450,200	1069	369
-8.45	-7.55	-0.920424269843664	0	12450,200	1071	370
-7.45	-6.55	-1.37435278741266	0	12450,200	1072	370
-6.45	-5.55	-3.4052179158498	0	12450,200	1073	370
-4.45	-3.55	-2.70798773437893	0	12450,200	1075	371
-3.45	-2.55	-0.742974915799528	0	12450,200	1076	371
-2.45	-1.55	-1.89714975116875	0	12450,200	1077	371
-1.45	-0.55	-0.190519278138039	0	12450,200	1078	371
-0.45	0.45	-2.06504800683658	0	12450,200	1079	371
0.55	1.45	-4.5423013120193	0	12450,200	1080	371
2.55	3.45	-3.97727843965214	0	12450,200	1082	372
-45.45	-44.55	-0.991303473583672	0	12300,0	1084	373
-44.45	-43.55	-2.08113406725984	0	12300,0	1085	373
-42.45	-41.55	-2.09822550645956	0	12300,0	1087	374
-40.45	-39.55	-0.0557985220931986	0	12300,0	1089	375
-39.45	-38.55	-0.367465942793948	0	12300,0	1090	375
-37.45	-36.55	-0.14980143769165	0	12300,0	1092	376
-36.45	-35.55	-0.73241843864676	0	12300,0	1093	376
-34.45	-33.55	-0.687176393706329	0	12300,0	1095	377
-33.45	-32.55	-0.312170110088976	0	12300,0	1096	377
-31.45	-30.55	-1.17478510028653	0	12300,0	1098	378
-30.45	-29.55	-0.7796712411401	0	12300,0	1099	378
-28.45	-27.55	-0.952093701301965	0	12300,0	1101	379
-27.45	-26.55	-0.349369124817775	0	12300,0	1102	379
-26.45	-25.55	-0.829940179962801	0	12300,0	1103	379
-25.45	-24.55	-1.47539335444629	0	12300,0	1104	379
-22.45	-21.55	-0.499170562509426	0	12300,0	1107	381
-21.45	-20.55	-1.11194892675816	0	12300,0	1108	381
-20.45	-19.55	-0.946564118031468	0	12300,0	1109	381
-19.45	-18.55	-0.388578897099482	0	12300,0	1110	381
-18.45	-17.55	-1.76996933594732	0	12300,0	1111	381
-17.45	-16.55	-3.4630271954959	0	12300,0	1112	381
-15.45	-14.55	-0.478560297592118	0	12300,0	1114	382
-14.45	-13.55	-1.72372191223043	0	12300,0	1115	382
-13.45	-12.55	-1.86698838787513	0	12300,0	1116	382
-11.45	-10.55	-1.57341778515056	0	12300,0	1118	383
-10.45	-9.55	-1.29492786407279	0	12300,0	1119	383
-6.45	-5.55	-0.169909013220731	0	12300,0	1123	386
-5.45	-4.55	-0.92092695923189	0	12300,0	1124	386
-4.45	-3.55	-0.0754034082340522	0	12300,0	1125	386
-3.45	-2.55	-0.0437339767757503	0	12300,0	1126	386
0.55	1.45	-0.143266475644699	0	12300,0	1130	389
1.55	2.45	-0.161363293620872	0	12300,0	1131	389
4.55	5.45	-0.405167646910974	0	12300,0	1134	391
-45.45	-44.55	-0.382546624440758	0	12400,100	1135	391
-43.45	-42.55	-0.16840094505605	0	12400,100	1137	392
-42.45	-41.55	-1.92731111446237	0	12400,100	1138	392
-40.45	-39.55	-1.04157241240637	0	12400,100	1140	393
-39.45	-38.55	-0.713316241894134	0	12400,100	1141	393
-38.45	-37.55	-1.25823153873222	0	12400,100	1142	393
-37.45	-36.55	-0.372492836676218	0	12400,100	1143	393
-36.45	-35.55	0	0	12400,100	1144	393
-35.45	-34.55	-2.87538330065852	0	12400,100	1145	393
-34.45	-33.55	-0.364449806464586	0	12400,100	1146	393
-33.45	-32.55	-1.80013069924094	0	12400,100	1147	393
-32.45	-31.55	-0.108580907857035	0	12400,100	1148	393
-30.45	-29.55	-0.627356356507314	0	12400,100	1150	394
-29.45	-28.55	-0.189011209973357	0	12400,100	1151	394
-28.45	-27.55	-0.0794249233398683	0	12400,100	1152	394
-27.45	-26.55	-1.52013270999849	0	12400,100	1153	394
-26.45	-25.55	-1.35826672698939	0	12400,100	1154	394
-24.45	-23.55	-0.104559392751219	0	12400,100	1156	395
-21.45	-20.55	-0.25084200472528	0	12400,100	1159	397
-20.45	-19.55	-1.4030060825416	0	12400,100	1160	397
-18.45	-17.55	-0.322726587241743	0	12400,100	1162	398
-17.45	-16.55	-1.00035188257176	0	12400,100	1163	398
-16.45	-15.55	-0.981249685819132	0	12400,100	1164	398
-15.45	-14.55	-0.695722113306188	0	12400,100	1165	398
-14.45	-13.55	-2.02030865128437	0	12400,100	1166	398
-13.45	-12.55	-2.56371587995777	0	12400,100	1167	398
-12.45	-11.55	-0.904840898808626	0	12400,100	1168	398
-11.45	-10.55	-0.835972452621525	0	12400,100	1169	398
-10.45	-9.55	-0.676619916553562	0	12400,100	1170	398
-9.45	-8.55	-0.426783290604735	0	12400,100	1171	398
-8.45	-7.55	-0.53888302417936	0	12400,100	1172	398
-6.45	-5.55	-0.230231739807973	0	12400,100	1174	399
-1.45	-0.55	-0.0442366661639773	0	12400,100	1179	403
-0.45	0.45	-0.554969084602624	0	12400,100	1180	403
0.55	1.45	-1.689539033831	0	12400,100	1181	403
1.55	2.45	-0.819383702810034	0	12400,100	1182	403
4.55	5.45	-1.41255718091791	0	12400,100	1185	405
-43.45	-42.55	-0.509727039662193	0	12350,50	1187	406
-42.45	-41.55	-0.136731513597748	0	12350,50	1188	406
-36.45	-35.55	-0.517770069873825	0	12350,50	1194	411
-35.45	-34.55	-1.53923490675112	0	12350,50	1195	411
-33.45	-32.55	-0.39913537425225	0	12350,50	1197	412
-32.45	-31.55	-0.424772533051827	0	12350,50	1198	412
-31.45	-30.55	-0.442869351028	0	12350,50	1199	412
-30.45	-29.55	-0.202583823455487	0	12350,50	1200	412
-28.45	-27.55	-0.461971547780626	0	12350,50	1202	413
-26.45	-25.55	-0.823907907304077	0	12350,50	1204	414
-24.45	-23.55	-1.08781983612326	0	12350,50	1206	415
-23.45	-22.55	-0.0733926506811441	0	12350,50	1207	415
-22.45	-21.55	-1.27984718242598	0	12350,50	1208	415
-21.45	-20.55	-0.390086965264163	0	12350,50	1209	415
-20.45	-19.55	-0.953601769466647	0	12350,50	1210	415
-19.45	-18.55	-0.933494193937566	0	12350,50	1211	415
-18.45	-17.55	-0.496154426180063	0	12350,50	1212	415
-17.45	-16.55	-1.31905695470769	0	12350,50	1213	415
-16.45	-15.55	-1.94892675815614	0	12350,50	1214	415
-15.45	-14.55	-1.02548635198311	0	12350,50	1215	415
-14.45	-13.55	-1.06117729854723	0	12350,50	1216	415
-13.45	-12.55	-1.49248479364601	0	12350,50	1217	415
-12.45	-11.55	-1.04056703362992	0	12350,50	1218	415
-11.45	-10.55	-0.109586286633489	0	12350,50	1219	415
-10.45	-9.55	-0.532850751520635	0	12350,50	1220	415
-9.45	-8.55	-0.175941285879455	0	12350,50	1221	415
-8.45	-7.55	-2.22389785351631	0	12350,50	1222	415
-7.45	-6.55	-1.0476046850651	0	12350,50	1223	415
-6.45	-5.55	-0.308651284371387	0	12350,50	1224	415
-4.45	-3.55	-0.559493289096667	0	12350,50	1226	416
-3.45	-2.55	-0.39058965465239	0	12350,50	1227	416
-1.45	-0.55	-0.739456090081939	0	12350,50	1229	417
-0.45	0.45	-0.0995324988689489	0	12350,50	1230	417
0.55	1.45	-0.359422912582315	0	12350,50	1231	417
1.55	2.45	-0.136731513597748	0	12350,50	1232	417
2.55	3.45	-0.108580907857035	0	12350,50	1233	417
3.55	4.45	-0.71231086311768	0	12350,50	1234	417
-44.45	-43.55	-1.39244960538883	0	12450,150	1235	417
-42.45	-41.55	-0.780676619916554	0	12450,150	1237	418
-41.45	-40.55	-2.02985974966068	0	12450,150	1238	418
-40.45	-39.55	-0.069873824963555	0	12450,150	1239	418
-39.45	-38.55	-0.221183330819886	0	12450,150	1240	418
-38.45	-37.55	-0.27949529985422	0	12450,150	1241	418
-37.45	-36.55	-1.13054843412256	0	12450,150	1242	418
-36.45	-35.55	-1.17579047906299	0	12450,150	1243	418
-35.45	-34.55	-0.997838435630624	0	12450,150	1244	418
-34.45	-33.55	-4.69813502236968	0	12450,150	1245	418
-33.45	-32.55	-1.19438998642739	0	12450,150	1246	418
-32.45	-31.55	-0.136731513597748	0	12450,150	1247	418
-31.45	-30.55	-0.494143668627155	0	12450,150	1248	418
-30.45	-29.55	-1.16070979741618	0	12450,150	1249	418
-28.45	-27.55	-0.326748102347559	0	12450,150	1251	419
-27.45	-26.55	-0.856080028150606	0	12450,150	1252	419
-26.45	-25.55	-0.606746091590007	0	12450,150	1253	419
-25.45	-24.55	-0.670587643894837	0	12450,150	1254	419
-23.45	-22.55	-0.198059618961444	0	12450,150	1256	420
-22.45	-21.55	-1.72171115467753	0	12450,150	1257	420
-21.45	-20.55	-1.20997335746242	0	12450,150	1258	420
-20.45	-19.55	-0.769617453375559	0	12450,150	1259	420
-19.45	-18.55	-0.287538330065852	0	12450,150	1260	420
-10.45	-9.55	-0.313678178253657	0	12450,150	1269	428
-8.45	-7.55	-0.920424269843664	0	12450,150	1271	429
-7.45	-6.55	-1.37435278741266	0	12450,150	1272	429
-6.45	-5.55	-3.4052179158498	0	12450,150	1273	429
-4.45	-3.55	-2.70798773437893	0	12450,150	1275	430
-3.45	-2.55	-0.742974915799528	0	12450,150	1276	430
-2.45	-1.55	-1.89714975116875	0	12450,150	1277	430
-1.45	-0.55	-0.190519278138039	0	12450,150	1278	430
-0.45	0.45	-2.06504800683658	0	12450,150	1279	430
0.55	1.45	-4.5423013120193	0	12450,150	1280	430
2.55	3.45	-3.97727843965214	0	12450,150	1282	431
-43.45	-42.55	-0.509727039662193	0	12350,0	1285	433
-42.45	-41.55	-0.136731513597748	0	12350,0	1286	433
-36.45	-35.55	-0.517770069873825	0	12350,0	1292	438
-35.45	-34.55	-1.53923490675112	0	12350,0	1293	438
-33.45	-32.55	-0.39913537425225	0	12350,0	1295	439
-32.45	-31.55	-0.424772533051827	0	12350,0	1296	439
-31.45	-30.55	-0.442869351028	0	12350,0	1297	439
-30.45	-29.55	-0.202583823455487	0	12350,0	1298	439
-28.45	-27.55	-0.461971547780626	0	12350,0	1300	440
-26.45	-25.55	-0.823907907304077	0	12350,0	1302	441
-24.45	-23.55	-1.08781983612326	0	12350,0	1304	442
-23.45	-22.55	-0.0733926506811441	0	12350,0	1305	442
-22.45	-21.55	-1.27984718242598	0	12350,0	1306	442
-21.45	-20.55	-0.390086965264163	0	12350,0	1307	442
-20.45	-19.55	-0.953601769466647	0	12350,0	1308	442
-19.45	-18.55	-0.933494193937566	0	12350,0	1309	442
-18.45	-17.55	-0.496154426180063	0	12350,0	1310	442
-17.45	-16.55	-1.31905695470769	0	12350,0	1311	442
-16.45	-15.55	-1.94892675815614	0	12350,0	1312	442
-15.45	-14.55	-1.02548635198311	0	12350,0	1313	442
-14.45	-13.55	-1.06117729854723	0	12350,0	1314	442
-13.45	-12.55	-1.49248479364601	0	12350,0	1315	442
-12.45	-11.55	-1.04056703362992	0	12350,0	1316	442
-11.45	-10.55	-0.109586286633489	0	12350,0	1317	442
-10.45	-9.55	-0.532850751520635	0	12350,0	1318	442
-9.45	-8.55	-0.175941285879455	0	12350,0	1319	442
-8.45	-7.55	-2.22389785351631	0	12350,0	1320	442
-7.45	-6.55	-1.0476046850651	0	12350,0	1321	442
-6.45	-5.55	-0.308651284371387	0	12350,0	1322	442
-4.45	-3.55	-0.559493289096667	0	12350,0	1324	443
-3.45	-2.55	-0.39058965465239	0	12350,0	1325	443
-1.45	-0.55	-0.739456090081939	0	12350,0	1327	444
-0.45	0.45	-0.0995324988689489	0	12350,0	1328	444
0.55	1.45	-0.359422912582315	0	12350,0	1329	444
1.55	2.45	-0.136731513597748	0	12350,0	1330	444
2.55	3.45	-0.108580907857035	0	12350,0	1331	444
3.55	4.45	-0.71231086311768	0	12350,0	1332	444
-45.45	-44.55	-0.382546624440758	0	12400,50	1333	444
-43.45	-42.55	-0.16840094505605	0	12400,50	1335	445
-42.45	-41.55	-1.92731111446237	0	12400,50	1336	445
-40.45	-39.55	-1.04157241240637	0	12400,50	1338	446
-39.45	-38.55	-0.713316241894134	0	12400,50	1339	446
-38.45	-37.55	-1.25823153873222	0	12400,50	1340	446
-37.45	-36.55	-0.372492836676218	0	12400,50	1341	446
-36.45	-35.55	0	0	12400,50	1342	446
-35.45	-34.55	-2.87538330065852	0	12400,50	1343	446
-34.45	-33.55	-0.364449806464586	0	12400,50	1344	446
-33.45	-32.55	-1.80013069924094	0	12400,50	1345	446
-32.45	-31.55	-0.108580907857035	0	12400,50	1346	446
-30.45	-29.55	-0.627356356507314	0	12400,50	1348	447
-29.45	-28.55	-0.189011209973357	0	12400,50	1349	447
-28.45	-27.55	-0.0794249233398683	0	12400,50	1350	447
-27.45	-26.55	-1.52013270999849	0	12400,50	1351	447
-26.45	-25.55	-1.35826672698939	0	12400,50	1352	447
-24.45	-23.55	-0.104559392751219	0	12400,50	1354	448
-21.45	-20.55	-0.25084200472528	0	12400,50	1357	450
-20.45	-19.55	-1.4030060825416	0	12400,50	1358	450
-18.45	-17.55	-0.322726587241743	0	12400,50	1360	451
-17.45	-16.55	-1.00035188257176	0	12400,50	1361	451
-16.45	-15.55	-0.981249685819132	0	12400,50	1362	451
-15.45	-14.55	-0.695722113306188	0	12400,50	1363	451
-14.45	-13.55	-2.02030865128437	0	12400,50	1364	451
-13.45	-12.55	-2.56371587995777	0	12400,50	1365	451
-12.45	-11.55	-0.904840898808626	0	12400,50	1366	451
-11.45	-10.55	-0.835972452621525	0	12400,50	1367	451
-10.45	-9.55	-0.676619916553562	0	12400,50	1368	451
-9.45	-8.55	-0.426783290604735	0	12400,50	1369	451
-8.45	-7.55	-0.53888302417936	0	12400,50	1370	451
-6.45	-5.55	-0.230231739807973	0	12400,50	1372	452
-1.45	-0.55	-0.0442366661639773	0	12400,50	1377	456
-0.45	0.45	-0.554969084602624	0	12400,50	1378	456
0.55	1.45	-1.689539033831	0	12400,50	1379	456
1.55	2.45	-0.819383702810034	0	12400,50	1380	456
4.55	5.45	-1.41255718091791	0	12400,50	1383	458
-44.45	-43.55	-1.39244960538883	0	12450,100	1384	458
-42.45	-41.55	-0.780676619916554	0	12450,100	1386	459
-41.45	-40.55	-2.02985974966068	0	12450,100	1387	459
-40.45	-39.55	-0.069873824963555	0	12450,100	1388	459
-39.45	-38.55	-0.221183330819886	0	12450,100	1389	459
-38.45	-37.55	-0.27949529985422	0	12450,100	1390	459
-37.45	-36.55	-1.13054843412256	0	12450,100	1391	459
-36.45	-35.55	-1.17579047906299	0	12450,100	1392	459
-35.45	-34.55	-0.997838435630624	0	12450,100	1393	459
-34.45	-33.55	-4.69813502236968	0	12450,100	1394	459
-33.45	-32.55	-1.19438998642739	0	12450,100	1395	459
-32.45	-31.55	-0.136731513597748	0	12450,100	1396	459
-31.45	-30.55	-0.494143668627155	0	12450,100	1397	459
-30.45	-29.55	-1.16070979741618	0	12450,100	1398	459
-28.45	-27.55	-0.326748102347559	0	12450,100	1400	460
-27.45	-26.55	-0.856080028150606	0	12450,100	1401	460
-26.45	-25.55	-0.606746091590007	0	12450,100	1402	460
-25.45	-24.55	-0.670587643894837	0	12450,100	1403	460
-23.45	-22.55	-0.198059618961444	0	12450,100	1405	461
-22.45	-21.55	-1.72171115467753	0	12450,100	1406	461
-21.45	-20.55	-1.20997335746242	0	12450,100	1407	461
-20.45	-19.55	-0.769617453375559	0	12450,100	1408	461
-19.45	-18.55	-0.287538330065852	0	12450,100	1409	461
-10.45	-9.55	-0.313678178253657	0	12450,100	1418	469
-8.45	-7.55	-0.920424269843664	0	12450,100	1420	470
-7.45	-6.55	-1.37435278741266	0	12450,100	1421	470
-6.45	-5.55	-3.4052179158498	0	12450,100	1422	470
-4.45	-3.55	-2.70798773437893	0	12450,100	1424	471
-3.45	-2.55	-0.742974915799528	0	12450,100	1425	471
-2.45	-1.55	-1.89714975116875	0	12450,100	1426	471
-1.45	-0.55	-0.190519278138039	0	12450,100	1427	471
-0.45	0.45	-2.06504800683658	0	12450,100	1428	471
0.55	1.45	-4.5423013120193	0	12450,100	1429	471
2.55	3.45	-3.97727843965214	0	12450,100	1431	472
-45.45	-44.55	-1.93384607650932	0	12500,150	1433	473
-43.45	-42.55	-2.0077414165787	0	12500,150	1435	474
-42.45	-41.55	-1.4849444528226	0	12500,150	1436	474
-41.45	-40.55	-1.01744332177148	0	12500,150	1437	474
-40.45	-39.55	-0.20710802794953	0	12500,150	1438	474
-39.45	-38.55	-2.34755944302016	0	12500,150	1439	474
-38.45	-37.55	-4.97159804956517	0	12500,150	1440	474
-37.45	-36.55	-1.67395566279596	0	12500,150	1441	474
-36.45	-35.55	-0.912381239632031	0	12500,150	1442	474
-35.45	-34.55	-2.63107625798019	0	12500,150	1443	474
-34.45	-33.55	-0.181470869149952	0	12500,150	1444	474
-33.45	-32.55	-0.912381239632031	0	12500,150	1445	474
-32.45	-31.55	-2.99502337505655	0	12500,150	1446	474
-31.45	-30.55	-0.0658523098577389	0	12500,150	1447	474
-29.45	-28.55	-0.51525662293269	0	12500,150	1449	475
-28.45	-27.55	-0.0246317800231237	0	12500,150	1450	475
-27.45	-26.55	-0.947066807419695	0	12500,150	1451	475
-26.45	-25.55	-0.743477605187755	0	12500,150	1452	475
-25.45	-24.55	-2.52199266073493	0	12500,150	1453	475
-24.45	-23.55	-3.04680038204394	0	12500,150	1454	475
-23.45	-22.55	-2.87136178555271	0	12500,150	1455	475
-22.45	-21.55	-1.98562308349671	0	12500,150	1456	475
-21.45	-20.55	-2.50289046398231	0	12500,150	1457	475
-20.45	-19.55	-1.07223646508822	0	12500,150	1458	475
-19.45	-18.55	-0.156839089126829	0	12500,150	1459	475
-18.45	-17.55	-2.16458050570552	0	12500,150	1460	475
-17.45	-16.55	-3.45598954406072	0	12500,150	1461	475
-16.45	-15.55	-2.56673201628714	0	12500,150	1462	475
-15.45	-14.55	-2.81656864223596	0	12500,150	1463	475
-14.45	-13.55	-3.65555723118685	0	12500,150	1464	475
-13.45	-12.55	-1.18282813049817	0	12500,150	1465	475
-12.45	-11.55	-0.0794249233398683	0	12500,150	1466	475
-11.45	-10.55	-1.67496104157241	0	12500,150	1467	475
-10.45	-9.55	-0.906348966973307	0	12500,150	1468	475
-9.45	-8.55	-10	0	12500,150	1469	475
-8.45	-7.55	-5.09224350273966	0	12500,150	1470	475
-7.45	-6.55	-2.2329462625044	0	12500,150	1471	475
-6.45	-5.55	-0.104559392751219	0	12500,150	1472	475
-5.45	-4.55	-1.66440456441965	0	12500,150	1473	475
-4.45	-3.55	-3.01462826119741	0	12500,150	1474	475
-3.45	-2.55	-0.584627758508018	0	12500,150	1475	475
-2.45	-1.55	-3.11215000251345	0	12500,150	1476	475
-1.45	-0.55	-0.631880561001357	0	12500,150	1477	475
-0.45	0.45	-2.02231940883728	0	12500,150	1478	475
0.55	1.45	-1.99215804554366	0	12500,150	1479	475
1.55	2.45	-0.711808173729453	0	12500,150	1480	475
2.55	3.45	-3.6937616246921	0	12500,150	1481	475
3.55	4.45	-3.64248730709295	0	12500,150	1482	475
4.55	5.45	-3.7123611320565	0	12500,150	1483	475
-45.45	-44.55	-0.382546624440758	0	12400,0	1484	475
-43.45	-42.55	-0.16840094505605	0	12400,0	1486	476
-42.45	-41.55	-1.92731111446237	0	12400,0	1487	476
-40.45	-39.55	-1.04157241240637	0	12400,0	1489	477
-39.45	-38.55	-0.713316241894134	0	12400,0	1490	477
-38.45	-37.55	-1.25823153873222	0	12400,0	1491	477
-37.45	-36.55	-0.372492836676218	0	12400,0	1492	477
-36.45	-35.55	0	0	12400,0	1493	477
-35.45	-34.55	-2.87538330065852	0	12400,0	1494	477
-34.45	-33.55	-0.364449806464586	0	12400,0	1495	477
-33.45	-32.55	-1.80013069924094	0	12400,0	1496	477
-32.45	-31.55	-0.108580907857035	0	12400,0	1497	477
-30.45	-29.55	-0.627356356507314	0	12400,0	1499	478
-29.45	-28.55	-0.189011209973357	0	12400,0	1500	478
-28.45	-27.55	-0.0794249233398683	0	12400,0	1501	478
-27.45	-26.55	-1.52013270999849	0	12400,0	1502	478
-26.45	-25.55	-1.35826672698939	0	12400,0	1503	478
-24.45	-23.55	-0.104559392751219	0	12400,0	1505	479
-21.45	-20.55	-0.25084200472528	0	12400,0	1508	481
-20.45	-19.55	-1.4030060825416	0	12400,0	1509	481
-18.45	-17.55	-0.322726587241743	0	12400,0	1511	482
-17.45	-16.55	-1.00035188257176	0	12400,0	1512	482
-16.45	-15.55	-0.981249685819132	0	12400,0	1513	482
-15.45	-14.55	-0.695722113306188	0	12400,0	1514	482
-14.45	-13.55	-2.02030865128437	0	12400,0	1515	482
-13.45	-12.55	-2.56371587995777	0	12400,0	1516	482
-12.45	-11.55	-0.904840898808626	0	12400,0	1517	482
-11.45	-10.55	-0.835972452621525	0	12400,0	1518	482
-10.45	-9.55	-0.676619916553562	0	12400,0	1519	482
-9.45	-8.55	-0.426783290604735	0	12400,0	1520	482
-8.45	-7.55	-0.53888302417936	0	12400,0	1521	482
-6.45	-5.55	-0.230231739807973	0	12400,0	1523	483
-1.45	-0.55	-0.0442366661639773	0	12400,0	1528	487
-0.45	0.45	-0.554969084602624	0	12400,0	1529	487
0.55	1.45	-1.689539033831	0	12400,0	1530	487
1.55	2.45	-0.819383702810034	0	12400,0	1531	487
4.55	5.45	-1.41255718091791	0	12400,0	1534	489
-45.45	-44.55	-1.93384607650932	0	12500,100	1535	489
-43.45	-42.55	-2.0077414165787	0	12500,100	1537	490
-42.45	-41.55	-1.4849444528226	0	12500,100	1538	490
-41.45	-40.55	-1.01744332177148	0	12500,100	1539	490
-40.45	-39.55	-0.20710802794953	0	12500,100	1540	490
-39.45	-38.55	-2.34755944302016	0	12500,100	1541	490
-38.45	-37.55	-4.97159804956517	0	12500,100	1542	490
-37.45	-36.55	-1.67395566279596	0	12500,100	1543	490
-36.45	-35.55	-0.912381239632031	0	12500,100	1544	490
-35.45	-34.55	-2.63107625798019	0	12500,100	1545	490
-34.45	-33.55	-0.181470869149952	0	12500,100	1546	490
-33.45	-32.55	-0.912381239632031	0	12500,100	1547	490
-32.45	-31.55	-2.99502337505655	0	12500,100	1548	490
-31.45	-30.55	-0.0658523098577389	0	12500,100	1549	490
-29.45	-28.55	-0.51525662293269	0	12500,100	1551	491
-28.45	-27.55	-0.0246317800231237	0	12500,100	1552	491
-27.45	-26.55	-0.947066807419695	0	12500,100	1553	491
-26.45	-25.55	-0.743477605187755	0	12500,100	1554	491
-25.45	-24.55	-2.52199266073493	0	12500,100	1555	491
-24.45	-23.55	-3.04680038204394	0	12500,100	1556	491
-23.45	-22.55	-2.87136178555271	0	12500,100	1557	491
-22.45	-21.55	-1.98562308349671	0	12500,100	1558	491
-21.45	-20.55	-2.50289046398231	0	12500,100	1559	491
-20.45	-19.55	-1.07223646508822	0	12500,100	1560	491
-19.45	-18.55	-0.156839089126829	0	12500,100	1561	491
-18.45	-17.55	-2.16458050570552	0	12500,100	1562	491
-17.45	-16.55	-3.45598954406072	0	12500,100	1563	491
-16.45	-15.55	-2.56673201628714	0	12500,100	1564	491
-15.45	-14.55	-2.81656864223596	0	12500,100	1565	491
-14.45	-13.55	-3.65555723118685	0	12500,100	1566	491
-13.45	-12.55	-1.18282813049817	0	12500,100	1567	491
-12.45	-11.55	-0.0794249233398683	0	12500,100	1568	491
-11.45	-10.55	-1.67496104157241	0	12500,100	1569	491
-10.45	-9.55	-0.906348966973307	0	12500,100	1570	491
-9.45	-8.55	-10	0	12500,100	1571	491
-8.45	-7.55	-5.09224350273966	0	12500,100	1572	491
-7.45	-6.55	-2.2329462625044	0	12500,100	1573	491
-6.45	-5.55	-0.104559392751219	0	12500,100	1574	491
-5.45	-4.55	-1.66440456441965	0	12500,100	1575	491
-4.45	-3.55	-3.01462826119741	0	12500,100	1576	491
-3.45	-2.55	-0.584627758508018	0	12500,100	1577	491
-2.45	-1.55	-3.11215000251345	0	12500,100	1578	491
-1.45	-0.55	-0.631880561001357	0	12500,100	1579	491
-0.45	0.45	-2.02231940883728	0	12500,100	1580	491
0.55	1.45	-1.99215804554366	0	12500,100	1581	491
1.55	2.45	-0.711808173729453	0	12500,100	1582	491
2.55	3.45	-3.6937616246921	0	12500,100	1583	491
3.55	4.45	-3.64248730709295	0	12500,100	1584	491
4.55	5.45	-3.7123611320565	0	12500,100	1585	491
-44.45	-43.55	-1.39244960538883	0	12450,50	1586	491
-42.45	-41.55	-0.780676619916554	0	12450,50	1588	492
-41.45	-40.55	-2.02985974966068	0	12450,50	1589	492
-40.45	-39.55	-0.069873824963555	0	12450,50	1590	492
-39.45	-38.55	-0.221183330819886	0	12450,50	1591	492
-38.45	-37.55	-0.27949529985422	0	12450,50	1592	492
-37.45	-36.55	-1.13054843412256	0	12450,50	1593	492
-36.45	-35.55	-1.17579047906299	0	12450,50	1594	492
-35.45	-34.55	-0.997838435630624	0	12450,50	1595	492
-34.45	-33.55	-4.69813502236968	0	12450,50	1596	492
-33.45	-32.55	-1.19438998642739	0	12450,50	1597	492
-32.45	-31.55	-0.136731513597748	0	12450,50	1598	492
-31.45	-30.55	-0.494143668627155	0	12450,50	1599	492
-30.45	-29.55	-1.16070979741618	0	12450,50	1600	492
-28.45	-27.55	-0.326748102347559	0	12450,50	1602	493
-27.45	-26.55	-0.856080028150606	0	12450,50	1603	493
-26.45	-25.55	-0.606746091590007	0	12450,50	1604	493
-25.45	-24.55	-0.670587643894837	0	12450,50	1605	493
-23.45	-22.55	-0.198059618961444	0	12450,50	1607	494
-22.45	-21.55	-1.72171115467753	0	12450,50	1608	494
-21.45	-20.55	-1.20997335746242	0	12450,50	1609	494
-20.45	-19.55	-0.769617453375559	0	12450,50	1610	494
-19.45	-18.55	-0.287538330065852	0	12450,50	1611	494
-10.45	-9.55	-0.313678178253657	0	12450,50	1620	502
-8.45	-7.55	-0.920424269843664	0	12450,50	1622	503
-7.45	-6.55	-1.37435278741266	0	12450,50	1623	503
-6.45	-5.55	-3.4052179158498	0	12450,50	1624	503
-4.45	-3.55	-2.70798773437893	0	12450,50	1626	504
-3.45	-2.55	-0.742974915799528	0	12450,50	1627	504
-2.45	-1.55	-1.89714975116875	0	12450,50	1628	504
-1.45	-0.55	-0.190519278138039	0	12450,50	1629	504
-0.45	0.45	-2.06504800683658	0	12450,50	1630	504
0.55	1.45	-4.5423013120193	0	12450,50	1631	504
2.55	3.45	-3.97727843965214	0	12450,50	1633	505
-44.45	-43.55	-1.39244960538883	0	12450,0	1635	506
-42.45	-41.55	-0.780676619916554	0	12450,0	1637	507
-41.45	-40.55	-2.02985974966068	0	12450,0	1638	507
-40.45	-39.55	-0.069873824963555	0	12450,0	1639	507
-39.45	-38.55	-0.221183330819886	0	12450,0	1640	507
-38.45	-37.55	-0.27949529985422	0	12450,0	1641	507
-37.45	-36.55	-1.13054843412256	0	12450,0	1642	507
-36.45	-35.55	-1.17579047906299	0	12450,0	1643	507
-35.45	-34.55	-0.997838435630624	0	12450,0	1644	507
-34.45	-33.55	-4.69813502236968	0	12450,0	1645	507
-33.45	-32.55	-1.19438998642739	0	12450,0	1646	507
-32.45	-31.55	-0.136731513597748	0	12450,0	1647	507
-31.45	-30.55	-0.494143668627155	0	12450,0	1648	507
-30.45	-29.55	-1.16070979741618	0	12450,0	1649	507
-28.45	-27.55	-0.326748102347559	0	12450,0	1651	508
-27.45	-26.55	-0.856080028150606	0	12450,0	1652	508
-26.45	-25.55	-0.606746091590007	0	12450,0	1653	508
-25.45	-24.55	-0.670587643894837	0	12450,0	1654	508
-23.45	-22.55	-0.198059618961444	0	12450,0	1656	509
-22.45	-21.55	-1.72171115467753	0	12450,0	1657	509
-21.45	-20.55	-1.20997335746242	0	12450,0	1658	509
-20.45	-19.55	-0.769617453375559	0	12450,0	1659	509
-19.45	-18.55	-0.287538330065852	0	12450,0	1660	509
-10.45	-9.55	-0.313678178253657	0	12450,0	1669	517
-8.45	-7.55	-0.920424269843664	0	12450,0	1671	518
-7.45	-6.55	-1.37435278741266	0	12450,0	1672	518
-6.45	-5.55	-3.4052179158498	0	12450,0	1673	518
-4.45	-3.55	-2.70798773437893	0	12450,0	1675	519
-3.45	-2.55	-0.742974915799528	0	12450,0	1676	519
-2.45	-1.55	-1.89714975116875	0	12450,0	1677	519
-1.45	-0.55	-0.190519278138039	0	12450,0	1678	519
-0.45	0.45	-2.06504800683658	0	12450,0	1679	519
0.55	1.45	-4.5423013120193	0	12450,0	1680	519
2.55	3.45	-3.97727843965214	0	12450,0	1682	520
-45.45	-44.55	-1.93384607650932	0	12500,50	1684	521
-43.45	-42.55	-2.0077414165787	0	12500,50	1686	522
-42.45	-41.55	-1.4849444528226	0	12500,50	1687	522
-41.45	-40.55	-1.01744332177148	0	12500,50	1688	522
-40.45	-39.55	-0.20710802794953	0	12500,50	1689	522
-39.45	-38.55	-2.34755944302016	0	12500,50	1690	522
-38.45	-37.55	-4.97159804956517	0	12500,50	1691	522
-37.45	-36.55	-1.67395566279596	0	12500,50	1692	522
-36.45	-35.55	-0.912381239632031	0	12500,50	1693	522
-35.45	-34.55	-2.63107625798019	0	12500,50	1694	522
-34.45	-33.55	-0.181470869149952	0	12500,50	1695	522
-33.45	-32.55	-0.912381239632031	0	12500,50	1696	522
-32.45	-31.55	-2.99502337505655	0	12500,50	1697	522
-31.45	-30.55	-0.0658523098577389	0	12500,50	1698	522
-29.45	-28.55	-0.51525662293269	0	12500,50	1700	523
-28.45	-27.55	-0.0246317800231237	0	12500,50	1701	523
-27.45	-26.55	-0.947066807419695	0	12500,50	1702	523
-26.45	-25.55	-0.743477605187755	0	12500,50	1703	523
-25.45	-24.55	-2.52199266073493	0	12500,50	1704	523
-24.45	-23.55	-3.04680038204394	0	12500,50	1705	523
-23.45	-22.55	-2.87136178555271	0	12500,50	1706	523
-22.45	-21.55	-1.98562308349671	0	12500,50	1707	523
-21.45	-20.55	-2.50289046398231	0	12500,50	1708	523
-20.45	-19.55	-1.07223646508822	0	12500,50	1709	523
-19.45	-18.55	-0.156839089126829	0	12500,50	1710	523
-18.45	-17.55	-2.16458050570552	0	12500,50	1711	523
-17.45	-16.55	-3.45598954406072	0	12500,50	1712	523
-16.45	-15.55	-2.56673201628714	0	12500,50	1713	523
-15.45	-14.55	-2.81656864223596	0	12500,50	1714	523
-14.45	-13.55	-3.65555723118685	0	12500,50	1715	523
-13.45	-12.55	-1.18282813049817	0	12500,50	1716	523
-12.45	-11.55	-0.0794249233398683	0	12500,50	1717	523
-11.45	-10.55	-1.67496104157241	0	12500,50	1718	523
-10.45	-9.55	-0.906348966973307	0	12500,50	1719	523
-9.45	-8.55	-10	0	12500,50	1720	523
-8.45	-7.55	-5.09224350273966	0	12500,50	1721	523
-7.45	-6.55	-2.2329462625044	0	12500,50	1722	523
-6.45	-5.55	-0.104559392751219	0	12500,50	1723	523
-5.45	-4.55	-1.66440456441965	0	12500,50	1724	523
-4.45	-3.55	-3.01462826119741	0	12500,50	1725	523
-3.45	-2.55	-0.584627758508018	0	12500,50	1726	523
-2.45	-1.55	-3.11215000251345	0	12500,50	1727	523
-1.45	-0.55	-0.631880561001357	0	12500,50	1728	523
-0.45	0.45	-2.02231940883728	0	12500,50	1729	523
0.55	1.45	-1.99215804554366	0	12500,50	1730	523
1.55	2.45	-0.711808173729453	0	12500,50	1731	523
2.55	3.45	-3.6937616246921	0	12500,50	1732	523
3.55	4.45	-3.64248730709295	0	12500,50	1733	523
4.55	5.45	-3.7123611320565	0	12500,50	1734	523
-44.45	-43.55	-2.48579902478259	0	12550,100	1735	523
-43.45	-42.55	-1.01291911727743	0	12550,100	1736	523
-42.45	-41.55	-2.389282662243	0	12550,100	1737	523
-41.45	-40.55	-1.42964862011763	0	12550,100	1738	523
-40.45	-39.55	-0.990298094807219	0	12550,100	1739	523
-39.45	-38.55	-1.89262554667471	0	12550,100	1740	523
-38.45	-37.55	-2.14748906650581	0	12550,100	1741	523
-37.45	-36.55	-1.20645453174483	0	12550,100	1742	523
-36.45	-35.55	-3.89534006937114	0	12550,100	1743	523
-35.45	-34.55	-2.1454783089529	0	12550,100	1744	523
-34.45	-33.55	-0.422259086110692	0	12550,100	1745	523
-33.45	-32.55	-1.06369074548836	0	12550,100	1746	523
-32.45	-31.55	-1.30850047755492	0	12550,100	1747	523
-31.45	-30.55	-1.99215804554366	0	12550,100	1748	523
-30.45	-29.55	-0.306137837430252	0	12550,100	1749	523
-14.45	-13.55	-0.0794249233398683	0	12550,100	1765	538
-12.45	-11.55	-0.0100537877645403	0	12550,100	1767	539
-8.45	-7.55	-0.652993515306892	0	12550,100	1771	542
-7.45	-6.55	-0.534861509073544	0	12550,100	1772	542
-45.45	-44.55	-1.93384607650932	0	12500,0	1784	553
-43.45	-42.55	-2.0077414165787	0	12500,0	1786	554
-42.45	-41.55	-1.4849444528226	0	12500,0	1787	554
-41.45	-40.55	-1.01744332177148	0	12500,0	1788	554
-40.45	-39.55	-0.20710802794953	0	12500,0	1789	554
-39.45	-38.55	-2.34755944302016	0	12500,0	1790	554
-38.45	-37.55	-4.97159804956517	0	12500,0	1791	554
-37.45	-36.55	-1.67395566279596	0	12500,0	1792	554
-36.45	-35.55	-0.912381239632031	0	12500,0	1793	554
-35.45	-34.55	-2.63107625798019	0	12500,0	1794	554
-34.45	-33.55	-0.181470869149952	0	12500,0	1795	554
-33.45	-32.55	-0.912381239632031	0	12500,0	1796	554
-32.45	-31.55	-2.99502337505655	0	12500,0	1797	554
-31.45	-30.55	-0.0658523098577389	0	12500,0	1798	554
-29.45	-28.55	-0.51525662293269	0	12500,0	1800	555
-28.45	-27.55	-0.0246317800231237	0	12500,0	1801	555
-27.45	-26.55	-0.947066807419695	0	12500,0	1802	555
-26.45	-25.55	-0.743477605187755	0	12500,0	1803	555
-25.45	-24.55	-2.52199266073493	0	12500,0	1804	555
-24.45	-23.55	-3.04680038204394	0	12500,0	1805	555
-23.45	-22.55	-2.87136178555271	0	12500,0	1806	555
-22.45	-21.55	-1.98562308349671	0	12500,0	1807	555
-21.45	-20.55	-2.50289046398231	0	12500,0	1808	555
-20.45	-19.55	-1.07223646508822	0	12500,0	1809	555
-19.45	-18.55	-0.156839089126829	0	12500,0	1810	555
-18.45	-17.55	-2.16458050570552	0	12500,0	1811	555
-17.45	-16.55	-3.45598954406072	0	12500,0	1812	555
-16.45	-15.55	-2.56673201628714	0	12500,0	1813	555
-15.45	-14.55	-2.81656864223596	0	12500,0	1814	555
-14.45	-13.55	-3.65555723118685	0	12500,0	1815	555
-13.45	-12.55	-1.18282813049817	0	12500,0	1816	555
-12.45	-11.55	-0.0794249233398683	0	12500,0	1817	555
-11.45	-10.55	-1.67496104157241	0	12500,0	1818	555
-10.45	-9.55	-0.906348966973307	0	12500,0	1819	555
-9.45	-8.55	-10	0	12500,0	1820	555
-8.45	-7.55	-5.09224350273966	0	12500,0	1821	555
-7.45	-6.55	-2.2329462625044	0	12500,0	1822	555
-6.45	-5.55	-0.104559392751219	0	12500,0	1823	555
-5.45	-4.55	-1.66440456441965	0	12500,0	1824	555
-4.45	-3.55	-3.01462826119741	0	12500,0	1825	555
-3.45	-2.55	-0.584627758508018	0	12500,0	1826	555
-2.45	-1.55	-3.11215000251345	0	12500,0	1827	555
-1.45	-0.55	-0.631880561001357	0	12500,0	1828	555
-0.45	0.45	-2.02231940883728	0	12500,0	1829	555
0.55	1.45	-1.99215804554366	0	12500,0	1830	555
1.55	2.45	-0.711808173729453	0	12500,0	1831	555
2.55	3.45	-3.6937616246921	0	12500,0	1832	555
3.55	4.45	-3.64248730709295	0	12500,0	1833	555
4.55	5.45	-3.7123611320565	0	12500,0	1834	555
-44.45	-43.55	-2.48579902478259	0	12550,50	1835	555
-43.45	-42.55	-1.01291911727743	0	12550,50	1836	555
-42.45	-41.55	-2.389282662243	0	12550,50	1837	555
-41.45	-40.55	-1.42964862011763	0	12550,50	1838	555
-40.45	-39.55	-0.990298094807219	0	12550,50	1839	555
-39.45	-38.55	-1.89262554667471	0	12550,50	1840	555
-38.45	-37.55	-2.14748906650581	0	12550,50	1841	555
-37.45	-36.55	-1.20645453174483	0	12550,50	1842	555
-36.45	-35.55	-3.89534006937114	0	12550,50	1843	555
-35.45	-34.55	-2.1454783089529	0	12550,50	1844	555
-34.45	-33.55	-0.422259086110692	0	12550,50	1845	555
-33.45	-32.55	-1.06369074548836	0	12550,50	1846	555
-32.45	-31.55	-1.30850047755492	0	12550,50	1847	555
-31.45	-30.55	-1.99215804554366	0	12550,50	1848	555
-30.45	-29.55	-0.306137837430252	0	12550,50	1849	555
-14.45	-13.55	-0.0794249233398683	0	12550,50	1865	570
-12.45	-11.55	-0.0100537877645403	0	12550,50	1867	571
-8.45	-7.55	-0.652993515306892	0	12550,50	1871	574
-7.45	-6.55	-0.534861509073544	0	12550,50	1872	574
-44.45	-43.55	-2.48579902478259	0	12550,0	1884	585
-43.45	-42.55	-1.01291911727743	0	12550,0	1885	585
-42.45	-41.55	-2.389282662243	0	12550,0	1886	585
-41.45	-40.55	-1.42964862011763	0	12550,0	1887	585
-40.45	-39.55	-0.990298094807219	0	12550,0	1888	585
-39.45	-38.55	-1.89262554667471	0	12550,0	1889	585
-38.45	-37.55	-2.14748906650581	0	12550,0	1890	585
-37.45	-36.55	-1.20645453174483	0	12550,0	1891	585
-36.45	-35.55	-3.89534006937114	0	12550,0	1892	585
-35.45	-34.55	-2.1454783089529	0	12550,0	1893	585
-34.45	-33.55	-0.422259086110692	0	12550,0	1894	585
-33.45	-32.55	-1.06369074548836	0	12550,0	1895	585
-32.45	-31.55	-1.30850047755492	0	12550,0	1896	585
-31.45	-30.55	-1.99215804554366	0	12550,0	1897	585
-30.45	-29.55	-0.306137837430252	0	12550,0	1898	585
-14.45	-13.55	-0.0794249233398683	0	12550,0	1914	600
-12.45	-11.55	-0.0100537877645403	0	12550,0	1916	601
-8.45	-7.55	-0.652993515306892	0	12550,0	1920	604
-7.45	-6.55	-0.534861509073544	0	12550,0	1921	604
-39.45	-38.55	-0.183984316091087	0	12600,50	1939	621
-38.45	-37.55	-0.0326748102347559	0	12600,50	1940	621
-35.45	-34.55	-0.0859598853868195	0	12600,50	1943	623
-33.45	-32.55	-0.231237118584427	0	12600,50	1945	624
-31.45	-30.55	-0.835972452621525	0	12600,50	1947	625
-30.45	-29.55	-2.70497159804957	0	12600,50	1948	625
-29.45	-28.55	-1.44623736992912	0	12600,50	1949	625
-28.45	-27.55	-0.3368018901121	0	12600,50	1950	625
-27.45	-26.55	-0.850047755491882	0	12600,50	1951	625
-26.45	-25.55	-3.17096466093601	0	12600,50	1952	625
-24.45	-23.55	-1.81370331272307	0	12600,50	1954	626
-23.45	-22.55	-1.26778263710853	0	12600,50	1955	626
-22.45	-21.55	-2.60393103101594	0	12600,50	1956	626
-21.45	-20.55	-0.735937264364349	0	12600,50	1957	626
-20.45	-19.55	-0.406173025687428	0	12600,50	1958	626
-19.45	-18.55	-0.635399386718946	0	12600,50	1959	626
-17.45	-16.55	-0.465993062886443	0	12600,50	1961	627
-14.45	-13.55	-0.14980143769165	0	12600,50	1964	629
-12.45	-11.55	-0.0236264012466697	0	12600,50	1966	630
-9.45	-8.55	-1.52717036143367	0	12600,50	1969	632
-8.45	-7.55	-2.58633690242799	0	12600,50	1970	632
-7.45	-6.55	-0.93449957271402	0	12600,50	1971	632
-6.45	-5.55	-1.45528577891721	0	12600,50	1972	632
-4.45	-3.55	-0.544412607449857	0	12600,50	1974	633
-1.45	-0.55	-0.787714271351732	0	12600,50	1977	635
-0.45	0.45	-0.136731513597748	0	12600,50	1978	635
0.55	1.45	-0.136731513597748	0	12600,50	1979	635
1.55	2.45	-1.49851706630473	0	12600,50	1980	635
2.55	3.45	-2.82863318755341	0	12600,50	1981	635
3.55	4.45	-3.16493238827728	0	12600,50	1982	635
4.55	5.45	-0.603227265872417	0	12600,50	1983	635
-39.45	-38.55	-0.183984316091087	0	12600,0	1990	641
-38.45	-37.55	-0.0326748102347559	0	12600,0	1991	641
-35.45	-34.55	-0.0859598853868195	0	12600,0	1994	643
-33.45	-32.55	-0.231237118584427	0	12600,0	1996	644
-31.45	-30.55	-0.835972452621525	0	12600,0	1998	645
-30.45	-29.55	-2.70497159804957	0	12600,0	1999	645
-29.45	-28.55	-1.44623736992912	0	12600,0	2000	645
-28.45	-27.55	-0.3368018901121	0	12600,0	2001	645
-27.45	-26.55	-0.850047755491882	0	12600,0	2002	645
-26.45	-25.55	-3.17096466093601	0	12600,0	2003	645
-24.45	-23.55	-1.81370331272307	0	12600,0	2005	646
-23.45	-22.55	-1.26778263710853	0	12600,0	2006	646
-22.45	-21.55	-2.60393103101594	0	12600,0	2007	646
-21.45	-20.55	-0.735937264364349	0	12600,0	2008	646
-20.45	-19.55	-0.406173025687428	0	12600,0	2009	646
-19.45	-18.55	-0.635399386718946	0	12600,0	2010	646
-17.45	-16.55	-0.465993062886443	0	12600,0	2012	647
-14.45	-13.55	-0.14980143769165	0	12600,0	2015	649
-12.45	-11.55	-0.0236264012466697	0	12600,0	2017	650
-9.45	-8.55	-1.52717036143367	0	12600,0	2020	652
-8.45	-7.55	-2.58633690242799	0	12600,0	2021	652
-7.45	-6.55	-0.93449957271402	0	12600,0	2022	652
-6.45	-5.55	-1.45528577891721	0	12600,0	2023	652
-4.45	-3.55	-0.544412607449857	0	12600,0	2025	653
-1.45	-0.55	-0.787714271351732	0	12600,0	2028	655
-0.45	0.45	-0.136731513597748	0	12600,0	2029	655
0.55	1.45	-0.136731513597748	0	12600,0	2030	655
1.55	2.45	-1.49851706630473	0	12600,0	2031	655
2.55	3.45	-2.82863318755341	0	12600,0	2032	655
3.55	4.45	-3.16493238827728	0	12600,0	2033	655
4.55	5.45	-0.603227265872417	0	12600,0	2034	655
-44.45	-43.55	-0.472528024933394	0	12650,0	2035	655
-42.45	-41.55	-1.04961544261801	0	12650,0	2037	656
-41.45	-40.55	-1.49751168752828	0	12650,0	2038	656
-40.45	-39.55	-0.0542904539285176	0	12650,0	2039	656
-39.45	-38.55	-2.19775800532851	0	12650,0	2040	656
-38.45	-37.55	-2.22289247473986	0	12650,0	2041	656
-36.45	-35.55	-3.9244960538883	0	12650,0	2043	657
-35.45	-34.55	-1.04408585934751	0	12650,0	2044	657
-34.45	-33.55	-0.0165887498114915	0	12650,0	2045	657
-33.45	-32.55	-2.31840345850299	0	12650,0	2046	657
-32.45	-31.55	-0.746996430905344	0	12650,0	2047	657
-31.45	-30.55	-0.57759010707284	0	12650,0	2048	657
-30.45	-29.55	-0.276479163524858	0	12650,0	2049	657
-29.45	-28.55	-0.147790680138742	0	12650,0	2050	657
-27.45	-26.55	-0.551952948273262	0	12650,0	2052	658
-25.45	-24.55	-0.398632684864023	0	12650,0	2054	659
-24.45	-23.55	-0.610767606695823	0	12650,0	2055	659
-23.45	-22.55	-0.566530940531845	0	12650,0	2056	659
-22.45	-21.55	-0.420751017946011	0	12650,0	2057	659
-21.45	-20.55	-2.02684361333132	0	12650,0	2058	659
-18.45	-17.55	-1.41909214296486	0	12650,0	2061	661
-17.45	-16.55	-2.17915849796411	0	12650,0	2062	661
-16.45	-15.55	-2.35308902629066	0	12650,0	2063	661
-14.45	-13.55	-0.0497662494344744	0	12650,0	2065	662
-12.45	-11.55	-0.471019956768713	0	12650,0	2067	663
-8.45	-7.55	-1.22857286482682	0	12650,0	2071	666
-7.45	-6.55	-0.797265369728045	0	12650,0	2072	666
-6.45	-5.55	-1.1853415774393	0	12650,0	2073	666
-5.45	-4.55	-0.595686925049012	0	12650,0	2074	666
-4.45	-3.55	-2.10023626401247	0	12650,0	2075	666
-2.45	-1.55	-1.36882320414216	0	12650,0	2077	667
-1.45	-0.55	-2.8562811039059	0	12650,0	2078	667
0.55	1.45	-2.06454531744835	0	12650,0	2080	668
1.55	2.45	-0.177449354044136	0	12650,0	2081	668
2.55	3.45	-0.39058965465239	0	12650,0	2082	668
