x	y	clickSelects
-0.0051103718807799	-1.62201466453915	44
0.1157833157515	-2.3525366559394	373
-0.09686931351651	-2.45249942654338	106
0.01471809540993	-2.4848751407799	429
-0.0525414033445	-1.52145344191329	202
-0.0119110492797301	-2.40615292223007	44
-0.0538429875728501	-2.48600397683404	537
-0.0416115678608999	-2.41265413303989	1704
-0.0894430071428401	0.283274782887232	706
-0.03297166834906	0.0855261531089013	706
-0.11764588732719	-0.603398222651778	348
-0.07246057203164	-2.20028627584434	608
0.02568944961139	1.40734944729681	1307
0.05439785799271	-2.16573804834575	86
0.0142264463503801	-1.65626163809213	496
-0.00259750876175002	-2.41163607487687	289
0.0161927832851401	-2.49968215911875	4
0.08482964395149	-2.33257715492338	253
0.0929014793976799	-1.95790582087404	4
-0.10895957692096	-2.32204868162889	4
-0.01936034883511	-1.79126139817149	4
0.00477958844080995	-2.39486018305731	4
-0.0022816223378701	-2.39356017181724	231
-0.0300748382873499	-2.40950489369354	4
-0.000749597253290046	-2.40083922200641	4
0.0390170781341299	-2.20824051234198	1176
0.04779742656787	-2.15242552727612	273
-0.08291345109759	-2.01267015704088	273
0.00668352771024994	-2.43723868446941	40
0.0996808217912299	-2.07101123279672	273
0.05666282096332	-1.57212063487387	273
-0.0714601594152	-2.24370206323001	109
0.08822721234116	-2.01332182261366	4
-0.0962165751581501	-2.13857110604701	273
0.03029047347726	-2.30861035384039	139
0.10375823250775	-2.02495347061493	70
0.0247963605869901	0.0450298989889077	1175
0.1198692051669	-1.61136403961042	295
-0.10031799503961	-1.54637838683151	295
-0.0280985895727299	-0.946819446232645	295
-0.0301495630889299	0.114090208470085	295
0.0637356300860099	2.16219754488554	350
-0.0415912425062701	-2.01994812219732	26
0.11886778243797	-1.52514316936527	26
-0.0647391772155399	-2.49841363209761	26
-0.03074453817828	-2.26416030257666	177
0.0499964071517001	-2.17693553103044	70
-0.0435008086515001	-1.64215436049082	42
0.03947847003716	-2.22586110321075	684
-0.0926753844224699	-0.522419961134422	684
-0.0168978770485899	0.68791740749156	1781
-0.04556526356494	-0.772564717192206	684
0.07985562776888	-2.20083515558602	142
-0.04654092910292	-2.47405186599201	42
0.12041750077487	-2.10914573398061	596
0.10991335930663	-2.39287715520597	42
0.0716198671264801	-1.2953155288094	178
-0.00896298988591004	-1.23536365779672	178
0.0274356080042899	-2.47905383105317	155
0.06170718049698	-2.26144543162991	42
0.07481529676223	-1.71613744293536	155
0.0595842869919401	-1.91035968530986	155
0.0932343067372601	-2.06800360268482	155
0.06369731145072	-1.85670096158918	155
0.04586100869388	-0.994856109752222	155
0.0953615774443799	-0.929251759256598	155
-0.00980671697051005	-2.0270867291114	19
-0.00314563621612995	-2.32790677483381	56
0.11228317771799	-2.30724376383191	56
-0.02078118141175	-2.41650335378145	1491
-0.0420213371317999	-2.27464707643241	125
-0.04561949668649	-2.36146796808848	125
0.020270469775	-2.21121690768901	125
-0.0690975919816801	-2.42520610678258	125
-0.0367628568993199	-1.61394268435256	125
0.0490618374127401	-1.38594204790629	125
-0.08697813676504	-2.47761678657709	1491
-0.12164707857866	-1.53206811746315	125
-0.0945641003844599	-2.11243272453411	125
-0.1230085336677	1.87801768622944	507
-0.0900653127047799	-0.303444503750445	179
-0.09212073031527	-1.52241441869704	179
-0.11815356469986	0.312810599035305	179
-0.09356186080387	-1.90800304173681	179
0.07068033697243	-1.40670659814927	53
0.12262297271048	-2.12520994356673	53
