x	y
0.462691769570205	0.168894757905337
0.272796452944884	0.173285499696873
0.491318682562789	0.277429456815685
0.306774550652303	0.158451923450854
0.618691310482027	0.412150684486856
1.26334127462784	0.579536363224572
0.0774048908890023	0.0296206550337827
0.753032956264726	0.307398359457546
0.759163817756831	0.324219882716138
1.32919484005117	1.199187036956
1.02430127006695	0.604828310082901
0.619946110419846	0.296494470925561
0.752490650730316	0.328528115687303
0.108548545689431	0.0502549801599345
0.106616244760109	0.0538707790072323
0.924712419930141	0.554256112189362
2.68248655273767	1.66080925102762
0.47018380814756	0.2951689219326
0.547768478597252	0.284011199203157
0.953295167894079	0.757015319793253
2.48534587755234	2.08305509603974
